[2026-09-15 09:34:33.920] [info] Config loaded from 'Saved/P4QA/native/config.yaml': 6 ports, 6 drones max
[2026-09-15 09:34:33.925] [info] Config validation passed (6 ports, 6 max drones)
[2026-09-15 09:34:33.928] [info] [:] Logger initialized. Level=debug, File=./Saved/P4QA/native/backend.log
[2026-09-15 09:34:33.930] [info] [:] ============================================
[2026-09-15 09:34:33.933] [info] [:]   Drone Backend v1.0.0
[2026-09-15 09:34:33.935] [info] [:]   HTTP :19282  WS :19283
[2026-09-15 09:34:33.937] [info] [:] ============================================
[2026-09-15 09:34:33.940] [info] [:] [UdpSender] JSON protocol session_id=backend-1789436073938256-1161bd6c
[2026-09-15 09:34:33.940] [info] [:] DroneManager created
[2026-09-15 09:34:33.941] [info] [:] Drone 1 added: slot=1 name=Drone 1
[2026-09-15 09:34:33.941] [info] [:] Drone 2 added: slot=2 name=Drone 2
[2026-09-15 09:34:33.942] [info] [:] Drone 3 added: slot=3 name=Drone 3
[2026-09-15 09:34:33.942] [info] [:] Drone 4 added: slot=4 name=d4
[2026-09-15 09:34:33.942] [info] [:] Drone 5 added: slot=5 name=d5
[2026-09-15 09:34:33.942] [info] [:] Drone 6 added: slot=6 name=d6
[2026-09-15 09:34:33.942] [info] [:] [Storage] Loaded 6 drones from ./Saved/P4QA/native/data/drones.json
[2026-09-15 09:34:33.943] [info] [:] [UdpReceiver] Slot 1: listening port 22888 for drone 1
[2026-09-15 09:34:33.943] [info] [:] [UdpReceiver] Slot 2: listening port 22890 for drone 2
[2026-09-15 09:34:33.943] [info] [:] [UdpReceiver] Slot 3: listening port 22892 for drone 3
[2026-09-15 09:34:33.943] [info] [:] [UdpReceiver] Slot 4: listening port 22894 for drone 4
[2026-09-15 09:34:33.944] [info] [:] [UdpReceiver] Slot 5: listening port 22896 for drone 5
[2026-09-15 09:34:33.944] [info] [:] [UdpReceiver] Slot 6: listening port 22898 for drone 6
[2026-09-15 09:34:33.945] [info] [:] [UdpSender] Drone 1 target set: 127.0.0.1:22889
[2026-09-15 09:34:33.945] [info] [:] [UdpSender] Drone 2 target set: 127.0.0.1:22891
[2026-09-15 09:34:33.946] [info] [:] [UdpSender] Drone 3 target set: 127.0.0.1:22893
[2026-09-15 09:34:33.946] [info] [:] [UdpSender] Drone 4 target set: 127.0.0.1:22895
[2026-09-15 09:34:33.946] [info] [:] [UdpSender] Drone 5 target set: 127.0.0.1:22897
[2026-09-15 09:34:33.946] [info] [:] [UdpSender] Drone 6 target set: 127.0.0.1:22899
[2026-09-15 09:34:33.947] [info] [:] [UdpReceiver] Listening on port 22888
[2026-09-15 09:34:33.947] [info] [:] [UdpReceiver] Listening on port 22890
[2026-09-15 09:34:33.947] [info] [:] [UdpReceiver] Listening on port 22892
[2026-09-15 09:34:33.948] [info] [:] [UdpReceiver] Listening on port 22894
[2026-09-15 09:34:33.948] [info] [:] [UdpReceiver] Listening on port 22896
[2026-09-15 09:34:33.948] [info] [:] [UdpReceiver] Listening on port 22898
[2026-09-15 09:34:33.948] [info] [:] Backend started. Press Ctrl+C to stop.
[DebugCLI] Started. Type 'help' for commands.
[2026-09-15 09:34:33.949] [info] [:] [HTTP] Listening on 0.0.0.0:19282
[2026-09-15 09:34:33.949] [info] [:] [WS] Listening on 0.0.0.0:19283
[2026-09-15 09:37:03.732] [debug] [:] [WS] Client connected, total sessions=1
[2026-09-15 09:37:03.758] [debug] [:] [WS Recv] {
	"type": "subscribe_context",
	"instance_id": "514C94B3-4F2B-B9C9-884F-86AE37CBB897"
}
[2026-09-15 09:37:03.863] [debug] [:] [WS Recv] {"type":"context_ping"}
[2026-09-15 09:37:04.285] [debug] [:] [WS] Client connected, total sessions=2
[2026-09-15 09:37:04.329] [debug] [:] [WS Recv] {
	"type": "subscribe_context",
	"instance_id": "15473CCD-49E8-E104-0BFC-CAA9E8F99ACB"
}
[2026-09-15 09:37:04.448] [debug] [:] [WS Recv] {"type":"context_ping"}
[2026-09-15 09:37:05.022] [debug] [:] [WS] Client connected, total sessions=3
[2026-09-15 09:37:05.064] [debug] [:] [WS Recv] {
	"type": "subscribe_context",
	"instance_id": "A8C1B532-4EB0-8A6C-F4FF-53AB863D0E28"
}
[2026-09-15 09:37:05.259] [debug] [:] [WS Recv] {"type":"context_ping"}
[2026-09-15 09:37:07.106] [debug] [:] [WS Recv] {"type":"context_ping"}
[2026-09-15 09:37:07.675] [debug] [:] [WS Recv] {"type":"context_ping"}
[2026-09-15 09:37:08.261] [debug] [:] [WS Recv] {"type":"context_ping"}
[2026-09-15 09:37:10.354] [debug] [:] [WS Recv] {"type":"context_ping"}
[2026-09-15 09:37:10.920] [debug] [:] [WS Recv] {"type":"context_ping"}
[2026-09-15 09:37:11.510] [debug] [:] [WS Recv] {"type":"context_ping"}
[2026-09-15 09:37:13.603] [debug] [:] [WS Recv] {"type":"context_ping"}
[2026-09-15 09:37:13.921] [debug] [:] [WS Recv] {"type":"context_ping"}
[2026-09-15 09:37:14.510] [debug] [:] [WS Recv] {"type":"context_ping"}
[2026-09-15 09:37:16.603] [debug] [:] [WS Recv] {"type":"context_ping"}
[2026-09-15 09:37:16.924] [debug] [:] [WS Recv] {"type":"context_ping"}
[2026-09-15 09:37:17.510] [debug] [:] [WS Recv] {"type":"context_ping"}
[2026-09-15 09:37:19.853] [debug] [:] [WS Recv] {"type":"context_ping"}
[2026-09-15 09:37:19.926] [debug] [:] [WS Recv] {"type":"context_ping"}
[2026-09-15 09:37:20.512] [debug] [:] [WS Recv] {"type":"context_ping"}
[2026-09-15 09:37:22.853] [debug] [:] [WS Recv] {"type":"context_ping"}
[2026-09-15 09:37:23.177] [debug] [:] [WS Recv] {"type":"context_ping"}
[2026-09-15 09:37:23.513] [debug] [:] [WS Recv] {"type":"context_ping"}
[2026-09-15 09:37:26.102] [debug] [:] [WS Recv] {"type":"context_ping"}
[2026-09-15 09:37:26.423] [debug] [:] [WS Recv] {"type":"context_ping"}
[2026-09-15 09:37:26.761] [debug] [:] [WS Recv] {"type":"context_ping"}
[2026-09-15 09:37:29.354] [debug] [:] [WS Recv] {"type":"context_ping"}
[2026-09-15 09:37:29.673] [debug] [:] [WS Recv] {"type":"context_ping"}
[2026-09-15 09:37:30.011] [debug] [:] [WS Recv] {"type":"context_ping"}
[2026-09-15 09:37:32.602] [debug] [:] [WS Recv] {"type":"context_ping"}
[2026-09-15 09:37:32.674] [debug] [:] [WS Recv] {"type":"context_ping"}
[2026-09-15 09:37:33.011] [debug] [:] [WS Recv] {"type":"context_ping"}
[2026-09-15 09:37:35.606] [debug] [:] [WS Recv] {"type":"context_ping"}
[2026-09-15 09:37:35.924] [debug] [:] [WS Recv] {"type":"context_ping"}
[2026-09-15 09:37:36.012] [debug] [:] [WS Recv] {"type":"context_ping"}
[2026-09-15 09:37:38.853] [debug] [:] [WS Recv] {"type":"context_ping"}
[2026-09-15 09:37:39.172] [debug] [:] [WS Recv] {"type":"context_ping"}
[2026-09-15 09:37:39.261] [debug] [:] [WS Recv] {"type":"context_ping"}
[2026-09-15 09:37:41.853] [debug] [:] [WS Recv] {"type":"context_ping"}
[2026-09-15 09:37:42.172] [debug] [:] [WS Recv] {"type":"context_ping"}
[2026-09-15 09:37:42.262] [debug] [:] [WS Recv] {"type":"context_ping"}
[2026-09-15 09:37:44.854] [debug] [:] [WS Recv] {"type":"context_ping"}
[2026-09-15 09:37:45.423] [debug] [:] [WS Recv] {"type":"context_ping"}
[2026-09-15 09:37:45.512] [debug] [:] [WS Recv] {"type":"context_ping"}
[2026-09-15 09:37:48.103] [debug] [:] [WS Recv] {"type":"context_ping"}
[2026-09-15 09:37:48.672] [debug] [:] [WS Recv] {"type":"context_ping"}
[2026-09-15 09:37:48.762] [debug] [:] [WS Recv] {"type":"context_ping"}
[2026-09-15 09:37:51.104] [debug] [:] [WS Recv] {"type":"context_ping"}
[2026-09-15 09:37:51.673] [debug] [:] [WS Recv] {"type":"context_ping"}
[2026-09-15 09:37:52.011] [debug] [:] [WS Recv] {"type":"context_ping"}
[2026-09-15 09:37:54.354] [debug] [:] [WS Recv] {"type":"context_ping"}
[2026-09-15 09:37:54.675] [debug] [:] [WS Recv] {"type":"context_ping"}
[2026-09-15 09:37:55.012] [debug] [:] [WS Recv] {"type":"context_ping"}
[2026-09-15 09:37:57.355] [debug] [:] [WS Recv] {"type":"context_ping"}
[2026-09-15 09:37:57.923] [debug] [:] [WS Recv] {"type":"context_ping"}
[2026-09-15 09:37:58.013] [debug] [:] [WS Recv] {"type":"context_ping"}
[2026-09-15 09:38:00.358] [debug] [:] [WS Recv] {"type":"context_ping"}
[2026-09-15 09:38:00.925] [debug] [:] [WS Recv] {"type":"context_ping"}
[2026-09-15 09:38:01.263] [debug] [:] [WS Recv] {"type":"context_ping"}
[2026-09-15 09:38:03.607] [debug] [:] [WS Recv] {"type":"context_ping"}
[2026-09-15 09:38:04.173] [debug] [:] [WS Recv] {"type":"context_ping"}
[2026-09-15 09:38:04.513] [debug] [:] [WS Recv] {"type":"context_ping"}
[2026-09-15 09:38:06.609] [debug] [:] [WS Recv] {"type":"context_ping"}
[2026-09-15 09:38:07.422] [debug] [:] [WS Recv] {"type":"context_ping"}
[2026-09-15 09:38:07.518] [debug] [:] [WS Recv] {"type":"context_ping"}
[2026-09-15 09:38:09.858] [debug] [:] [WS Recv] {"type":"context_ping"}
[2026-09-15 09:38:10.423] [debug] [:] [WS Recv] {"type":"context_ping"}
[2026-09-15 09:38:10.518] [debug] [:] [WS Recv] {"type":"context_ping"}
[2026-09-15 09:38:12.860] [debug] [:] [WS Recv] {"type":"context_ping"}
[2026-09-15 09:38:13.518] [debug] [:] [WS Recv] {"type":"context_ping"}
[2026-09-15 09:38:13.673] [debug] [:] [WS Recv] {"type":"context_ping"}
[2026-09-15 09:38:16.108] [debug] [:] [WS Recv] {"type":"context_ping"}
[2026-09-15 09:38:16.519] [debug] [:] [WS Recv] {"type":"context_ping"}
[2026-09-15 09:38:16.675] [debug] [:] [WS Recv] {"type":"context_ping"}
[2026-09-15 09:38:19.108] [debug] [:] [WS Recv] {"type":"context_ping"}
[2026-09-15 09:38:19.520] [debug] [:] [WS Recv] {"type":"context_ping"}
[2026-09-15 09:38:19.923] [debug] [:] [WS Recv] {"type":"context_ping"}
[2026-09-15 09:38:22.360] [debug] [:] [WS Recv] {"type":"context_ping"}
[2026-09-15 09:38:22.769] [debug] [:] [WS Recv] {"type":"context_ping"}
[2026-09-15 09:38:22.924] [debug] [:] [WS Recv] {"type":"context_ping"}
[2026-09-15 09:38:25.608] [debug] [:] [WS Recv] {"type":"context_ping"}
[2026-09-15 09:38:25.770] [debug] [:] [WS Recv] {"type":"context_ping"}
[2026-09-15 09:38:25.927] [debug] [:] [WS Recv] {"type":"context_ping"}
[2026-09-15 09:38:28.860] [debug] [:] [WS Recv] {"type":"context_ping"}
[2026-09-15 09:38:29.018] [debug] [:] [WS Recv] {"type":"context_ping"}
[2026-09-15 09:38:29.175] [debug] [:] [WS Recv] {"type":"context_ping"}
[2026-09-15 09:38:32.018] [debug] [:] [WS Recv] {"type":"context_ping"}
[2026-09-15 09:38:32.109] [debug] [:] [WS Recv] {"type":"context_ping"}
[2026-09-15 09:38:32.425] [debug] [:] [WS Recv] {"type":"context_ping"}
[2026-09-15 09:38:35.109] [debug] [:] [WS Recv] {"type":"context_ping"}
[2026-09-15 09:38:35.268] [debug] [:] [WS Recv] {"type":"context_ping"}
[2026-09-15 09:38:35.674] [debug] [:] [WS Recv] {"type":"context_ping"}
[2026-09-15 09:38:38.269] [debug] [:] [WS Recv] {"type":"context_ping"}
[2026-09-15 09:38:38.358] [debug] [:] [WS Recv] {"type":"context_ping"}
[2026-09-15 09:38:38.924] [debug] [:] [WS Recv] {"type":"context_ping"}
[2026-09-15 09:38:41.269] [debug] [:] [WS Recv] {"type":"context_ping"}
[2026-09-15 09:38:41.358] [debug] [:] [WS Recv] {"type":"context_ping"}
[2026-09-15 09:38:41.926] [debug] [:] [WS Recv] {"type":"context_ping"}
[2026-09-15 09:38:44.269] [debug] [:] [WS Recv] {"type":"context_ping"}
[2026-09-15 09:38:44.359] [debug] [:] [WS Recv] {"type":"context_ping"}
[2026-09-15 09:38:45.175] [debug] [:] [WS Recv] {"type":"context_ping"}
[2026-09-15 09:38:47.272] [debug] [:] [WS Recv] {"type":"context_ping"}
[2026-09-15 09:38:47.608] [debug] [:] [WS Recv] {"type":"context_ping"}
[2026-09-15 09:38:48.176] [debug] [:] [WS Recv] {"type":"context_ping"}
[2026-09-15 09:38:50.519] [debug] [:] [WS Recv] {"type":"context_ping"}
[2026-09-15 09:38:50.858] [debug] [:] [WS Recv] {"type":"context_ping"}
[2026-09-15 09:38:51.426] [debug] [:] [WS Recv] {"type":"context_ping"}
[2026-09-15 09:38:53.769] [debug] [:] [WS Recv] {"type":"context_ping"}
[2026-09-15 09:38:53.860] [debug] [:] [WS Recv] {"type":"context_ping"}
[2026-09-15 09:38:54.674] [debug] [:] [WS Recv] {"type":"context_ping"}
[2026-09-15 09:38:57.020] [debug] [:] [WS Recv] {"type":"context_ping"}
[2026-09-15 09:38:57.108] [debug] [:] [WS Recv] {"type":"context_ping"}
[2026-09-15 09:38:57.675] [debug] [:] [WS Recv] {"type":"context_ping"}
[2026-09-15 09:39:00.020] [debug] [:] [WS Recv] {"type":"context_ping"}
[2026-09-15 09:39:00.110] [debug] [:] [WS Recv] {"type":"context_ping"}
[2026-09-15 09:39:00.677] [debug] [:] [WS Recv] {"type":"context_ping"}
[2026-09-15 09:39:03.021] [debug] [:] [WS Recv] {"type":"context_ping"}
[2026-09-15 09:39:03.358] [debug] [:] [WS Recv] {"type":"context_ping"}
[2026-09-15 09:39:03.925] [debug] [:] [WS Recv] {"type":"context_ping"}
[2026-09-15 09:39:06.273] [debug] [:] [WS Recv] {"type":"context_ping"}
[2026-09-15 09:39:06.358] [debug] [:] [WS Recv] {"type":"context_ping"}
[2026-09-15 09:39:06.926] [debug] [:] [WS Recv] {"type":"context_ping"}
[2026-09-15 09:39:09.520] [debug] [:] [WS Recv] {"type":"context_ping"}
[2026-09-15 09:39:09.608] [debug] [:] [WS Recv] {"type":"context_ping"}
[2026-09-15 09:39:09.926] [debug] [:] [WS Recv] {"type":"context_ping"}
[2026-09-15 09:39:12.520] [debug] [:] [WS Recv] {"type":"context_ping"}
[2026-09-15 09:39:12.609] [debug] [:] [WS Recv] {"type":"context_ping"}
[2026-09-15 09:39:13.176] [debug] [:] [WS Recv] {"type":"context_ping"}
[2026-09-15 09:39:15.520] [debug] [:] [WS Recv] {"type":"context_ping"}
[2026-09-15 09:39:15.861] [debug] [:] [WS Recv] {"type":"context_ping"}
[2026-09-15 09:39:16.176] [debug] [:] [WS Recv] {"type":"context_ping"}
[2026-09-15 09:39:18.520] [debug] [:] [WS Recv] {"type":"context_ping"}
[2026-09-15 09:39:19.108] [debug] [:] [WS Recv] {"type":"context_ping"}
[2026-09-15 09:39:19.177] [debug] [:] [WS Recv] {"type":"context_ping"}
[2026-09-15 09:39:21.520] [debug] [:] [WS Recv] {"type":"context_ping"}
[2026-09-15 09:39:22.109] [debug] [:] [WS Recv] {"type":"context_ping"}
[2026-09-15 09:39:22.426] [debug] [:] [WS Recv] {"type":"context_ping"}
[2026-09-15 09:39:24.770] [debug] [:] [WS Recv] {"type":"context_ping"}
[2026-09-15 09:39:25.361] [debug] [:] [WS Recv] {"type":"context_ping"}
[2026-09-15 09:39:25.676] [debug] [:] [WS Recv] {"type":"context_ping"}
[2026-09-15 09:39:28.020] [debug] [:] [WS Recv] {"type":"context_ping"}
[2026-09-15 09:39:28.609] [debug] [:] [WS Recv] {"type":"context_ping"}
[2026-09-15 09:39:28.677] [debug] [:] [WS Recv] {"type":"context_ping"}
[2026-09-15 09:39:31.021] [debug] [:] [WS Recv] {"type":"context_ping"}
[2026-09-15 09:39:31.677] [debug] [:] [WS Recv] {"type":"context_ping"}
[2026-09-15 09:39:31.860] [debug] [:] [WS Recv] {"type":"context_ping"}
[2026-09-15 09:39:34.270] [debug] [:] [WS Recv] {"type":"context_ping"}
[2026-09-15 09:39:34.927] [debug] [:] [WS Recv] {"type":"context_ping"}
[2026-09-15 09:39:35.110] [debug] [:] [WS Recv] {"type":"context_ping"}
[2026-09-15 09:39:37.272] [debug] [:] [WS Recv] {"type":"context_ping"}
[2026-09-15 09:39:38.176] [debug] [:] [WS Recv] {"type":"context_ping"}
[2026-09-15 09:39:38.359] [debug] [:] [WS Recv] {"type":"context_ping"}
[2026-09-15 09:39:40.521] [debug] [:] [WS Recv] {"type":"context_ping"}
[2026-09-15 09:39:41.426] [debug] [:] [WS Recv] {"type":"context_ping"}
[2026-09-15 09:39:41.609] [debug] [:] [WS Recv] {"type":"context_ping"}
[2026-09-15 09:39:43.770] [debug] [:] [WS Recv] {"type":"context_ping"}
[2026-09-15 09:39:44.427] [debug] [:] [WS Recv] {"type":"context_ping"}
[2026-09-15 09:39:44.859] [debug] [:] [WS Recv] {"type":"context_ping"}
[2026-09-15 09:39:47.021] [debug] [:] [WS Recv] {"type":"context_ping"}
[2026-09-15 09:39:47.676] [debug] [:] [WS Recv] {"type":"context_ping"}
[2026-09-15 09:39:48.109] [debug] [:] [WS Recv] {"type":"context_ping"}
[2026-09-15 09:39:50.021] [debug] [:] [WS Recv] {"type":"context_ping"}
[2026-09-15 09:39:50.677] [debug] [:] [WS Recv] {"type":"context_ping"}
[2026-09-15 09:39:51.109] [debug] [:] [WS Recv] {"type":"context_ping"}
[2026-09-15 09:39:53.271] [debug] [:] [WS Recv] {"type":"context_ping"}
[2026-09-15 09:39:53.678] [debug] [:] [WS Recv] {"type":"context_ping"}
[2026-09-15 09:39:54.361] [debug] [:] [WS Recv] {"type":"context_ping"}
[2026-09-15 09:39:56.271] [debug] [:] [WS Recv] {"type":"context_ping"}
[2026-09-15 09:39:56.679] [debug] [:] [WS Recv] {"type":"context_ping"}
[2026-09-15 09:39:57.609] [debug] [:] [WS Recv] {"type":"context_ping"}
[2026-09-15 09:39:59.521] [debug] [:] [WS Recv] {"type":"context_ping"}
[2026-09-15 09:39:59.929] [debug] [:] [WS Recv] {"type":"context_ping"}
[2026-09-15 09:40:00.609] [debug] [:] [WS Recv] {"type":"context_ping"}
[2026-09-15 09:40:02.522] [debug] [:] [WS Recv] {"type":"context_ping"}
[2026-09-15 09:40:03.178] [debug] [:] [WS Recv] {"type":"context_ping"}
[2026-09-15 09:40:03.861] [debug] [:] [WS Recv] {"type":"context_ping"}
[2026-09-15 09:40:05.776] [debug] [:] [WS Recv] {"type":"context_ping"}
[2026-09-15 09:40:06.429] [debug] [:] [WS Recv] {"type":"context_ping"}
[2026-09-15 09:40:07.109] [debug] [:] [WS Recv] {"type":"context_ping"}
[2026-09-15 09:40:09.022] [debug] [:] [WS Recv] {"type":"context_ping"}
[2026-09-15 09:40:09.679] [debug] [:] [WS Recv] {"type":"context_ping"}
[2026-09-15 09:40:10.111] [debug] [:] [WS Recv] {"type":"context_ping"}
[2026-09-15 09:40:12.271] [debug] [:] [WS Recv] {"type":"context_ping"}
[2026-09-15 09:40:12.683] [debug] [:] [WS Recv] {"type":"context_ping"}
[2026-09-15 09:40:13.112] [debug] [:] [WS Recv] {"type":"context_ping"}
[2026-09-15 09:40:15.272] [debug] [:] [WS Recv] {"type":"context_ping"}
[2026-09-15 09:40:15.928] [debug] [:] [WS Recv] {"type":"context_ping"}
[2026-09-15 09:40:16.360] [debug] [:] [WS Recv] {"type":"context_ping"}
[2026-09-15 09:40:18.272] [debug] [:] [WS Recv] {"type":"context_ping"}
[2026-09-15 09:40:18.929] [debug] [:] [WS Recv] {"type":"context_ping"}
[2026-09-15 09:40:19.363] [debug] [:] [WS Recv] {"type":"context_ping"}
[2026-09-15 09:40:21.522] [debug] [:] [WS Recv] {"type":"context_ping"}
[2026-09-15 09:40:21.930] [debug] [:] [WS Recv] {"type":"context_ping"}
[2026-09-15 09:40:22.612] [debug] [:] [WS Recv] {"type":"context_ping"}
[2026-09-15 09:40:24.772] [debug] [:] [WS Recv] {"type":"context_ping"}
[2026-09-15 09:40:25.178] [debug] [:] [WS Recv] {"type":"context_ping"}
[2026-09-15 09:40:25.860] [debug] [:] [WS Recv] {"type":"context_ping"}
[2026-09-15 09:40:28.024] [debug] [:] [WS Recv] {"type":"context_ping"}
[2026-09-15 09:40:28.180] [debug] [:] [WS Recv] {"type":"context_ping"}
[2026-09-15 09:40:28.861] [debug] [:] [WS Recv] {"type":"context_ping"}
[2026-09-15 09:40:31.271] [debug] [:] [WS Recv] {"type":"context_ping"}
[2026-09-15 09:40:31.431] [debug] [:] [WS Recv] {"type":"context_ping"}
[2026-09-15 09:40:32.110] [debug] [:] [WS Recv] {"type":"context_ping"}
[2026-09-15 09:40:34.272] [debug] [:] [WS Recv] {"type":"context_ping"}
[2026-09-15 09:40:34.680] [debug] [:] [WS Recv] {"type":"context_ping"}
[2026-09-15 09:40:35.360] [debug] [:] [WS Recv] {"type":"context_ping"}
[2026-09-15 09:40:37.523] [debug] [:] [WS Recv] {"type":"context_ping"}
[2026-09-15 09:40:37.931] [debug] [:] [WS Recv] {"type":"context_ping"}
[2026-09-15 09:40:38.610] [debug] [:] [WS Recv] {"type":"context_ping"}
[2026-09-15 09:40:40.772] [debug] [:] [WS Recv] {"type":"context_ping"}
[2026-09-15 09:40:41.179] [debug] [:] [WS Recv] {"type":"context_ping"}
[2026-09-15 09:40:41.861] [debug] [:] [WS Recv] {"type":"context_ping"}
[2026-09-15 09:40:44.022] [debug] [:] [WS Recv] {"type":"context_ping"}
[2026-09-15 09:40:44.181] [debug] [:] [WS Recv] {"type":"context_ping"}
[2026-09-15 09:40:45.110] [debug] [:] [WS Recv] {"type":"context_ping"}
[2026-09-15 09:40:47.022] [debug] [:] [WS Recv] {"type":"context_ping"}
[2026-09-15 09:40:47.431] [debug] [:] [WS Recv] {"type":"context_ping"}
[2026-09-15 09:40:48.110] [debug] [:] [WS Recv] {"type":"context_ping"}
[2026-09-15 09:40:50.022] [debug] [:] [WS Recv] {"type":"context_ping"}
[2026-09-15 09:40:50.682] [debug] [:] [WS Recv] {"type":"context_ping"}
[2026-09-15 09:40:51.111] [debug] [:] [WS Recv] {"type":"context_ping"}
[2026-09-15 09:40:53.022] [debug] [:] [WS Recv] {"type":"context_ping"}
[2026-09-15 09:40:53.930] [debug] [:] [WS Recv] {"type":"context_ping"}
[2026-09-15 09:40:54.360] [debug] [:] [WS Recv] {"type":"context_ping"}
[2026-09-15 09:40:56.023] [debug] [:] [WS Recv] {"type":"context_ping"}
[2026-09-15 09:40:57.180] [debug] [:] [WS Recv] {"type":"context_ping"}
[2026-09-15 09:40:57.610] [debug] [:] [WS Recv] {"type":"context_ping"}
[2026-09-15 09:40:59.272] [debug] [:] [WS Recv] {"type":"context_ping"}
[2026-09-15 09:41:00.187] [debug] [:] [WS Recv] {"type":"context_ping"}
[2026-09-15 09:41:00.611] [debug] [:] [WS Recv] {"type":"context_ping"}
[2026-09-15 09:41:02.522] [debug] [:] [WS Recv] {"type":"context_ping"}
[2026-09-15 09:41:03.436] [debug] [:] [WS Recv] {"type":"context_ping"}
[2026-09-15 09:41:03.612] [debug] [:] [WS Recv] {"type":"context_ping"}
[2026-09-15 09:41:05.522] [debug] [:] [WS Recv] {"type":"context_ping"}
[2026-09-15 09:41:06.613] [debug] [:] [WS Recv] {"type":"context_ping"}
[2026-09-15 09:41:06.685] [debug] [:] [WS Recv] {"type":"context_ping"}
[2026-09-15 09:41:08.525] [debug] [:] [WS Recv] {"type":"context_ping"}
[2026-09-15 09:41:09.632] [debug] [:] [WS Recv] {"type":"context_ping"}
[2026-09-15 09:41:09.689] [debug] [:] [WS Recv] {"type":"context_ping"}
[2026-09-15 09:41:11.772] [debug] [:] [WS Recv] {"type":"context_ping"}
[2026-09-15 09:41:12.690] [debug] [:] [WS Recv] {"type":"context_ping"}
[2026-09-15 09:41:12.693] [debug] [:] [WS Recv] {"type":"context_ping"}
[2026-09-15 09:41:15.022] [debug] [:] [WS Recv] {"type":"context_ping"}
[2026-09-15 09:41:15.939] [debug] [:] [WS Recv] {"type":"context_ping"}
[2026-09-15 09:41:15.941] [debug] [:] [WS Recv] {"type":"context_ping"}
[2026-09-15 09:41:18.023] [debug] [:] [WS Recv] {"type":"context_ping"}
[2026-09-15 09:41:19.188] [debug] [:] [WS Recv] {"type":"context_ping"}
[2026-09-15 09:41:19.188] [debug] [:] [WS Recv] {"type":"context_ping"}
[2026-09-15 09:41:21.023] [debug] [:] [WS Recv] {"type":"context_ping"}
[2026-09-15 09:41:22.191] [debug] [:] [WS Recv] {"type":"context_ping"}
[2026-09-15 09:41:22.192] [debug] [:] [WS Recv] {"type":"context_ping"}
[2026-09-15 09:41:24.023] [debug] [:] [WS Recv] {"type":"context_ping"}
[2026-09-15 09:41:25.192] [debug] [:] [WS Recv] {"type":"context_ping"}
[2026-09-15 09:41:25.439] [debug] [:] [WS Recv] {"type":"context_ping"}
[2026-09-15 09:41:27.023] [debug] [:] [WS Recv] {"type":"context_ping"}
[2026-09-15 09:41:28.439] [debug] [:] [WS Recv] {"type":"context_ping"}
[2026-09-15 09:41:28.439] [debug] [:] [WS Recv] {"type":"context_ping"}
[2026-09-15 09:41:30.273] [debug] [:] [WS Recv] {"type":"context_ping"}
[2026-09-15 09:41:31.439] [debug] [:] [WS Recv] {"type":"context_ping"}
[2026-09-15 09:41:31.440] [debug] [:] [WS Recv] {"type":"context_ping"}
[2026-09-15 09:41:33.274] [debug] [:] [WS Recv] {"type":"context_ping"}
[2026-09-15 09:41:34.441] [debug] [:] [WS Recv] {"type":"context_ping"}
[2026-09-15 09:41:34.441] [debug] [:] [WS Recv] {"type":"context_ping"}
[2026-09-15 09:41:36.525] [debug] [:] [WS Recv] {"type":"context_ping"}
[2026-09-15 09:41:37.441] [debug] [:] [WS Recv] {"type":"context_ping"}
[2026-09-15 09:41:37.441] [debug] [:] [WS Recv] {"type":"context_ping"}
[2026-09-15 09:41:39.773] [debug] [:] [WS Recv] {"type":"context_ping"}
[2026-09-15 09:41:40.691] [debug] [:] [WS Recv] {"type":"context_ping"}
[2026-09-15 09:41:40.691] [debug] [:] [WS Recv] {"type":"context_ping"}
[2026-09-15 09:41:42.775] [debug] [:] [WS Recv] {"type":"context_ping"}
[2026-09-15 09:41:43.691] [debug] [:] [WS Recv] {"type":"context_ping"}
[2026-09-15 09:41:43.941] [debug] [:] [WS Recv] {"type":"context_ping"}
[2026-09-15 09:41:46.024] [debug] [:] [WS Recv] {"type":"context_ping"}
[2026-09-15 09:41:46.940] [debug] [:] [WS Recv] {"type":"context_ping"}
[2026-09-15 09:41:47.190] [debug] [:] [WS Recv] {"type":"context_ping"}
[2026-09-15 09:41:49.274] [debug] [:] [WS Recv] {"type":"context_ping"}
[2026-09-15 09:41:49.941] [debug] [:] [WS Recv] {"type":"context_ping"}
[2026-09-15 09:41:50.190] [debug] [:] [WS Recv] {"type":"context_ping"}
[2026-09-15 09:41:52.276] [debug] [:] [WS Recv] {"type":"context_ping"}
[2026-09-15 09:41:53.190] [debug] [:] [WS Recv] {"type":"context_ping"}
[2026-09-15 09:41:53.442] [debug] [:] [WS Recv] {"type":"context_ping"}
[2026-09-15 09:41:55.526] [debug] [:] [WS Recv] {"type":"context_ping"}
[2026-09-15 09:41:56.190] [debug] [:] [WS Recv] {"type":"context_ping"}
[2026-09-15 09:41:56.689] [debug] [:] [WS Recv] {"type":"context_ping"}
[2026-09-15 09:41:58.774] [debug] [:] [WS Recv] {"type":"context_ping"}
[2026-09-15 09:41:59.192] [debug] [:] [WS Recv] {"type":"context_ping"}
[2026-09-15 09:41:59.689] [debug] [:] [WS Recv] {"type":"context_ping"}
[2026-09-15 09:42:01.774] [debug] [:] [WS Recv] {"type":"context_ping"}
[2026-09-15 09:42:02.440] [debug] [:] [WS Recv] {"type":"context_ping"}
[2026-09-15 09:42:02.692] [debug] [:] [WS Recv] {"type":"context_ping"}
[2026-09-15 09:42:04.776] [debug] [:] [WS Recv] {"type":"context_ping"}
[2026-09-15 09:42:05.690] [debug] [:] [WS Recv] {"type":"context_ping"}
[2026-09-15 09:42:05.941] [debug] [:] [WS Recv] {"type":"context_ping"}
[2026-09-15 09:42:08.024] [debug] [:] [WS Recv] {"type":"context_ping"}
[2026-09-15 09:42:08.940] [debug] [:] [WS Recv] {"type":"context_ping"}
[2026-09-15 09:42:09.196] [debug] [:] [WS Recv] {"type":"context_ping"}
[2026-09-15 09:42:11.026] [debug] [:] [WS Recv] {"type":"context_ping"}
[2026-09-15 09:42:12.190] [debug] [:] [WS Recv] {"type":"context_ping"}
[2026-09-15 09:42:12.197] [debug] [:] [WS Recv] {"type":"context_ping"}
[2026-09-15 09:42:14.293] [debug] [:] [WS Recv] {"type":"context_ping"}
[2026-09-15 09:42:15.190] [debug] [:] [WS Recv] {"type":"context_ping"}
[2026-09-15 09:42:15.197] [debug] [:] [WS Recv] {"type":"context_ping"}
[2026-09-15 09:42:17.526] [debug] [:] [WS Recv] {"type":"context_ping"}
[2026-09-15 09:42:18.190] [debug] [:] [WS Recv] {"type":"context_ping"}
[2026-09-15 09:42:18.200] [debug] [:] [WS Recv] {"type":"context_ping"}
[2026-09-15 09:42:20.775] [debug] [:] [WS Recv] {"type":"context_ping"}
[2026-09-15 09:42:21.191] [debug] [:] [WS Recv] {"type":"context_ping"}
[2026-09-15 09:42:21.449] [debug] [:] [WS Recv] {"type":"context_ping"}
[2026-09-15 09:42:24.027] [debug] [:] [WS Recv] {"type":"context_ping"}
[2026-09-15 09:42:24.195] [debug] [:] [WS Recv] {"type":"context_ping"}
[2026-09-15 09:42:24.451] [debug] [:] [WS Recv] {"type":"context_ping"}
[2026-09-15 09:42:27.275] [debug] [:] [WS Recv] {"type":"context_ping"}
[2026-09-15 09:42:27.443] [debug] [:] [WS Recv] {"type":"context_ping"}
[2026-09-15 09:42:27.701] [debug] [:] [WS Recv] {"type":"context_ping"}
[2026-09-15 09:42:30.276] [debug] [:] [WS Recv] {"type":"context_ping"}
[2026-09-15 09:42:30.445] [debug] [:] [WS Recv] {"type":"context_ping"}
[2026-09-15 09:42:30.949] [debug] [:] [WS Recv] {"type":"context_ping"}
[2026-09-15 09:42:33.276] [debug] [:] [WS Recv] {"type":"context_ping"}
[2026-09-15 09:42:33.445] [debug] [:] [WS Recv] {"type":"context_ping"}
[2026-09-15 09:42:33.951] [debug] [:] [WS Recv] {"type":"context_ping"}
[2026-09-15 09:42:36.276] [debug] [:] [WS Recv] {"type":"context_ping"}
[2026-09-15 09:42:36.694] [debug] [:] [WS Recv] {"type":"context_ping"}
[2026-09-15 09:42:37.200] [debug] [:] [WS Recv] {"type":"context_ping"}
[2026-09-15 09:42:39.276] [debug] [:] [WS Recv] {"type":"context_ping"}
[2026-09-15 09:42:39.696] [debug] [:] [WS Recv] {"type":"context_ping"}
[2026-09-15 09:42:40.200] [debug] [:] [WS Recv] {"type":"context_ping"}
[2026-09-15 09:42:42.528] [debug] [:] [WS Recv] {"type":"context_ping"}
[2026-09-15 09:42:42.946] [debug] [:] [WS Recv] {"type":"context_ping"}
[2026-09-15 09:42:43.201] [debug] [:] [WS Recv] {"type":"context_ping"}
[2026-09-15 09:42:45.776] [debug] [:] [WS Recv] {"type":"context_ping"}
[2026-09-15 09:42:46.194] [debug] [:] [WS Recv] {"type":"context_ping"}
[2026-09-15 09:42:46.205] [debug] [:] [WS Recv] {"type":"context_ping"}
[2026-09-15 09:42:48.777] [debug] [:] [WS Recv] {"type":"context_ping"}
[2026-09-15 09:42:49.196] [debug] [:] [WS Recv] {"type":"context_ping"}
[2026-09-15 09:42:49.453] [debug] [:] [WS Recv] {"type":"context_ping"}
[2026-09-15 09:42:52.026] [debug] [:] [WS Recv] {"type":"context_ping"}
[2026-09-15 09:42:52.446] [debug] [:] [WS Recv] {"type":"context_ping"}
[2026-09-15 09:42:52.455] [debug] [:] [WS Recv] {"type":"context_ping"}
[2026-09-15 09:42:55.026] [debug] [:] [WS Recv] {"type":"context_ping"}
[2026-09-15 09:42:55.694] [debug] [:] [WS Recv] {"type":"context_ping"}
[2026-09-15 09:42:55.704] [debug] [:] [WS Recv] {"type":"context_ping"}
[2026-09-15 09:42:58.027] [debug] [:] [WS Recv] {"type":"context_ping"}
[2026-09-15 09:42:58.695] [debug] [:] [WS Recv] {"type":"context_ping"}
[2026-09-15 09:42:58.706] [debug] [:] [WS Recv] {"type":"context_ping"}
[2026-09-15 09:43:01.028] [debug] [:] [WS Recv] {"type":"context_ping"}
[2026-09-15 09:43:01.695] [debug] [:] [WS Recv] {"type":"context_ping"}
[2026-09-15 09:43:01.707] [debug] [:] [WS Recv] {"type":"context_ping"}
[2026-09-15 09:43:04.276] [debug] [:] [WS Recv] {"type":"context_ping"}
[2026-09-15 09:43:04.946] [debug] [:] [WS Recv] {"type":"context_ping"}
[2026-09-15 09:43:04.958] [debug] [:] [WS Recv] {"type":"context_ping"}
[2026-09-15 09:43:05.492] [error] [:] [HTTP] handler exception: plan persistence failed
[2026-09-15 09:43:07.278] [debug] [:] [WS Recv] {"type":"context_ping"}
[2026-09-15 09:43:08.195] [debug] [:] [WS Recv] {"type":"context_ping"}
[2026-09-15 09:43:08.207] [debug] [:] [WS Recv] {"type":"context_ping"}
[2026-09-15 09:43:10.527] [debug] [:] [WS Recv] {"type":"context_ping"}
[2026-09-15 09:43:11.196] [debug] [:] [WS Recv] {"type":"context_ping"}
[2026-09-15 09:43:11.455] [debug] [:] [WS Recv] {"type":"context_ping"}
[2026-09-15 09:43:13.530] [debug] [:] [WS Recv] {"type":"context_ping"}
[2026-09-15 09:43:14.197] [debug] [:] [WS Recv] {"type":"context_ping"}
[2026-09-15 09:43:14.456] [debug] [:] [WS Recv] {"type":"context_ping"}
[2026-09-15 09:43:16.778] [debug] [:] [WS Recv] {"type":"context_ping"}
[2026-09-15 09:43:17.445] [debug] [:] [WS Recv] {"type":"context_ping"}
[2026-09-15 09:43:17.460] [debug] [:] [WS Recv] {"type":"context_ping"}
[2026-09-15 09:43:19.780] [debug] [:] [WS Recv] {"type":"context_ping"}
[2026-09-15 09:43:20.445] [debug] [:] [WS Recv] {"type":"context_ping"}
[2026-09-15 09:43:20.705] [debug] [:] [WS Recv] {"type":"context_ping"}
[2026-09-15 09:43:23.028] [debug] [:] [WS Recv] {"type":"context_ping"}
[2026-09-15 09:43:23.695] [debug] [:] [WS Recv] {"type":"context_ping"}
[2026-09-15 09:43:23.706] [debug] [:] [WS Recv] {"type":"context_ping"}
[2026-09-15 09:43:26.028] [debug] [:] [WS Recv] {"type":"context_ping"}
[2026-09-15 09:43:26.695] [debug] [:] [WS Recv] {"type":"context_ping"}
[2026-09-15 09:43:26.707] [debug] [:] [WS Recv] {"type":"context_ping"}
[2026-09-15 09:43:29.029] [debug] [:] [WS Recv] {"type":"context_ping"}
[2026-09-15 09:43:29.945] [debug] [:] [WS Recv] {"type":"context_ping"}
[2026-09-15 09:43:29.956] [debug] [:] [WS Recv] {"type":"context_ping"}
[2026-09-15 09:43:32.029] [debug] [:] [WS Recv] {"type":"context_ping"}
[2026-09-15 09:43:32.946] [debug] [:] [WS Recv] {"type":"context_ping"}
[2026-09-15 09:43:32.958] [debug] [:] [WS Recv] {"type":"context_ping"}
[2026-09-15 09:43:35.029] [debug] [:] [WS Recv] {"type":"context_ping"}
[2026-09-15 09:43:36.196] [debug] [:] [WS Recv] {"type":"context_ping"}
[2026-09-15 09:43:36.207] [debug] [:] [WS Recv] {"type":"context_ping"}
[2026-09-15 09:43:38.278] [debug] [:] [WS Recv] {"type":"context_ping"}
[2026-09-15 09:43:39.446] [debug] [:] [WS Recv] {"type":"context_ping"}
[2026-09-15 09:43:39.458] [debug] [:] [WS Recv] {"type":"context_ping"}
[2026-09-15 09:43:41.278] [debug] [:] [WS Recv] {"type":"context_ping"}
[2026-09-15 09:43:42.446] [debug] [:] [WS Recv] {"type":"context_ping"}
[2026-09-15 09:43:42.459] [debug] [:] [WS Recv] {"type":"context_ping"}
[2026-09-15 09:43:44.278] [debug] [:] [WS Recv] {"type":"context_ping"}
[2026-09-15 09:43:45.697] [debug] [:] [WS Recv] {"type":"context_ping"}
[2026-09-15 09:43:45.709] [debug] [:] [WS Recv] {"type":"context_ping"}
[2026-09-15 09:43:47.280] [debug] [:] [WS Recv] {"type":"context_ping"}
[2026-09-15 09:43:48.709] [debug] [:] [WS Recv] {"type":"context_ping"}
[2026-09-15 09:43:48.945] [debug] [:] [WS Recv] {"type":"context_ping"}
[2026-09-15 09:43:50.529] [debug] [:] [WS Recv] {"type":"context_ping"}
[2026-09-15 09:43:51.947] [debug] [:] [WS Recv] {"type":"context_ping"}
[2026-09-15 09:43:51.960] [debug] [:] [WS Recv] {"type":"context_ping"}
[2026-09-15 09:43:53.531] [debug] [:] [WS Recv] {"type":"context_ping"}
[2026-09-15 09:43:55.194] [debug] [:] [WS Recv] {"type":"context_ping"}
[2026-09-15 09:43:55.212] [debug] [:] [WS Recv] {"type":"context_ping"}
[2026-09-15 09:43:56.779] [debug] [:] [WS Recv] {"type":"context_ping"}
[2026-09-15 09:43:58.444] [debug] [:] [WS Recv] {"type":"context_ping"}
[2026-09-15 09:43:58.459] [debug] [:] [WS Recv] {"type":"context_ping"}
[2026-09-15 09:44:00.031] [debug] [:] [WS Recv] {"type":"context_ping"}
[2026-09-15 09:44:01.446] [debug] [:] [WS Recv] {"type":"context_ping"}
[2026-09-15 09:44:01.461] [debug] [:] [WS Recv] {"type":"context_ping"}
[2026-09-15 09:44:03.279] [debug] [:] [WS Recv] {"type":"context_ping"}
[2026-09-15 09:44:04.461] [debug] [:] [WS Recv] {"type":"context_ping"}
[2026-09-15 09:44:04.697] [debug] [:] [WS Recv] {"type":"context_ping"}
[2026-09-15 09:44:06.279] [debug] [:] [WS Recv] {"type":"context_ping"}
[2026-09-15 09:44:07.698] [debug] [:] [WS Recv] {"type":"context_ping"}
[2026-09-15 09:44:07.711] [debug] [:] [WS Recv] {"type":"context_ping"}
[2026-09-15 09:44:09.280] [debug] [:] [WS Recv] {"type":"context_ping"}
[2026-09-15 09:44:10.944] [debug] [:] [WS Recv] {"type":"context_ping"}
[2026-09-15 09:44:10.960] [debug] [:] [WS Recv] {"type":"context_ping"}
[2026-09-15 09:44:12.281] [debug] [:] [WS Recv] {"type":"context_ping"}
[2026-09-15 09:44:13.946] [debug] [:] [WS Recv] {"type":"context_ping"}
[2026-09-15 09:44:13.963] [debug] [:] [WS Recv] {"type":"context_ping"}
[2026-09-15 09:44:15.529] [debug] [:] [WS Recv] {"type":"context_ping"}
[2026-09-15 09:44:16.947] [debug] [:] [WS Recv] {"type":"context_ping"}
[2026-09-15 09:44:16.965] [debug] [:] [WS Recv] {"type":"context_ping"}
[2026-09-15 09:44:18.530] [debug] [:] [WS Recv] {"type":"context_ping"}
[2026-09-15 09:44:19.948] [debug] [:] [WS Recv] {"type":"context_ping"}
[2026-09-15 09:44:20.213] [debug] [:] [WS Recv] {"type":"context_ping"}
[2026-09-15 09:44:21.530] [debug] [:] [WS Recv] {"type":"context_ping"}
[2026-09-15 09:44:23.197] [debug] [:] [WS Recv] {"type":"context_ping"}
[2026-09-15 09:44:23.463] [debug] [:] [WS Recv] {"type":"context_ping"}
[2026-09-15 09:44:24.531] [debug] [:] [WS Recv] {"type":"context_ping"}
[2026-09-15 09:44:26.449] [debug] [:] [WS Recv] {"type":"context_ping"}
[2026-09-15 09:44:26.464] [debug] [:] [WS Recv] {"type":"context_ping"}
[2026-09-15 09:44:27.779] [debug] [:] [WS Recv] {"type":"context_ping"}
[2026-09-15 09:44:29.697] [debug] [:] [WS Recv] {"type":"context_ping"}
[2026-09-15 09:44:29.713] [debug] [:] [WS Recv] {"type":"context_ping"}
[2026-09-15 09:44:30.779] [debug] [:] [WS Recv] {"type":"context_ping"}
[2026-09-15 09:44:32.698] [debug] [:] [WS Recv] {"type":"context_ping"}
[2026-09-15 09:44:32.714] [debug] [:] [WS Recv] {"type":"context_ping"}
[2026-09-15 09:44:33.781] [debug] [:] [WS Recv] {"type":"context_ping"}
[2026-09-15 09:44:35.699] [debug] [:] [WS Recv] {"type":"context_ping"}
[2026-09-15 09:44:35.715] [debug] [:] [WS Recv] {"type":"context_ping"}
[2026-09-15 09:44:36.782] [debug] [:] [WS Recv] {"type":"context_ping"}
[2026-09-15 09:44:38.716] [debug] [:] [WS Recv] {"type":"context_ping"}
[2026-09-15 09:44:38.950] [debug] [:] [WS Recv] {"type":"context_ping"}
[2026-09-15 09:44:40.030] [debug] [:] [WS Recv] {"type":"context_ping"}
[2026-09-15 09:44:41.717] [debug] [:] [WS Recv] {"type":"context_ping"}
[2026-09-15 09:44:42.200] [debug] [:] [WS Recv] {"type":"context_ping"}
[2026-09-15 09:44:43.031] [debug] [:] [WS Recv] {"type":"context_ping"}
[2026-09-15 09:44:44.965] [debug] [:] [WS Recv] {"type":"context_ping"}
[2026-09-15 09:44:45.449] [debug] [:] [WS Recv] {"type":"context_ping"}
[2026-09-15 09:44:46.280] [debug] [:] [WS Recv] {"type":"context_ping"}
[2026-09-15 09:44:47.965] [debug] [:] [WS Recv] {"type":"context_ping"}
[2026-09-15 09:44:48.698] [debug] [:] [WS Recv] {"type":"context_ping"}
[2026-09-15 09:44:49.532] [debug] [:] [WS Recv] {"type":"context_ping"}
[2026-09-15 09:44:51.215] [debug] [:] [WS Recv] {"type":"context_ping"}
[2026-09-15 09:44:51.950] [debug] [:] [WS Recv] {"type":"context_ping"}
[2026-09-15 09:44:52.781] [debug] [:] [WS Recv] {"type":"context_ping"}
[2026-09-15 09:44:54.215] [debug] [:] [WS Recv] {"type":"context_ping"}
[2026-09-15 09:44:55.204] [debug] [:] [WS Recv] {"type":"context_ping"}
[2026-09-15 09:44:56.031] [debug] [:] [WS Recv] {"type":"context_ping"}
[2026-09-15 09:44:57.215] [debug] [:] [WS Recv] {"type":"context_ping"}
[2026-09-15 09:44:58.447] [debug] [:] [WS Recv] {"type":"context_ping"}
[2026-09-15 09:44:59.282] [debug] [:] [WS Recv] {"type":"context_ping"}
[2026-09-15 09:45:00.216] [debug] [:] [WS Recv] {"type":"context_ping"}
[2026-09-15 09:45:01.448] [debug] [:] [WS Recv] {"type":"context_ping"}
[2026-09-15 09:45:02.530] [debug] [:] [WS Recv] {"type":"context_ping"}
[2026-09-15 09:45:03.465] [debug] [:] [WS Recv] {"type":"context_ping"}
[2026-09-15 09:45:04.448] [debug] [:] [WS Recv] {"type":"context_ping"}
[2026-09-15 09:45:05.532] [debug] [:] [WS Recv] {"type":"context_ping"}
[2026-09-15 09:45:06.465] [debug] [:] [WS Recv] {"type":"context_ping"}
[2026-09-15 09:45:07.697] [debug] [:] [WS Recv] {"type":"context_ping"}
[2026-09-15 09:45:08.780] [debug] [:] [WS Recv] {"type":"context_ping"}
[2026-09-15 09:45:09.716] [debug] [:] [WS Recv] {"type":"context_ping"}
[2026-09-15 09:45:10.948] [debug] [:] [WS Recv] {"type":"context_ping"}
[2026-09-15 09:45:11.780] [debug] [:] [WS Recv] {"type":"context_ping"}
[2026-09-15 09:45:12.716] [debug] [:] [WS Recv] {"type":"context_ping"}
[2026-09-15 09:45:13.949] [debug] [:] [WS Recv] {"type":"context_ping"}
[2026-09-15 09:45:14.781] [debug] [:] [WS Recv] {"type":"context_ping"}
[2026-09-15 09:45:15.717] [debug] [:] [WS Recv] {"type":"context_ping"}
[2026-09-15 09:45:17.197] [debug] [:] [WS Recv] {"type":"context_ping"}
[2026-09-15 09:45:18.033] [debug] [:] [WS Recv] {"type":"context_ping"}
[2026-09-15 09:45:18.967] [debug] [:] [WS Recv] {"type":"context_ping"}
[2026-09-15 09:45:20.197] [debug] [:] [WS Recv] {"type":"context_ping"}
[2026-09-15 09:45:21.282] [debug] [:] [WS Recv] {"type":"context_ping"}
[2026-09-15 09:45:21.967] [debug] [:] [WS Recv] {"type":"context_ping"}
[2026-09-15 09:45:23.197] [debug] [:] [WS Recv] {"type":"context_ping"}
[2026-09-15 09:45:24.282] [debug] [:] [WS Recv] {"type":"context_ping"}
[2026-09-15 09:45:24.968] [debug] [:] [WS Recv] {"type":"context_ping"}
[2026-09-15 09:45:26.200] [debug] [:] [WS Recv] {"type":"context_ping"}
[2026-09-15 09:45:27.534] [debug] [:] [WS Recv] {"type":"context_ping"}
[2026-09-15 09:45:28.217] [debug] [:] [WS Recv] {"type":"context_ping"}
[2026-09-15 09:45:29.449] [debug] [:] [WS Recv] {"type":"context_ping"}
[2026-09-15 09:45:30.783] [debug] [:] [WS Recv] {"type":"context_ping"}
[2026-09-15 09:45:31.217] [debug] [:] [WS Recv] {"type":"context_ping"}
[2026-09-15 09:45:32.697] [debug] [:] [WS Recv] {"type":"context_ping"}
[2026-09-15 09:45:34.035] [debug] [:] [WS Recv] {"type":"context_ping"}
[2026-09-15 09:45:34.218] [debug] [:] [WS Recv] {"type":"context_ping"}
[2026-09-15 09:45:35.698] [debug] [:] [WS Recv] {"type":"context_ping"}
[2026-09-15 09:45:37.218] [debug] [:] [WS Recv] {"type":"context_ping"}
[2026-09-15 09:45:37.282] [debug] [:] [WS Recv] {"type":"context_ping"}
[2026-09-15 09:45:38.698] [debug] [:] [WS Recv] {"type":"context_ping"}
[2026-09-15 09:45:40.219] [debug] [:] [WS Recv] {"type":"context_ping"}
[2026-09-15 09:45:40.283] [debug] [:] [WS Recv] {"type":"context_ping"}
[2026-09-15 09:45:41.948] [debug] [:] [WS Recv] {"type":"context_ping"}
[2026-09-15 09:45:43.284] [debug] [:] [WS Recv] {"type":"context_ping"}
[2026-09-15 09:45:43.468] [debug] [:] [WS Recv] {"type":"context_ping"}
[2026-09-15 09:45:44.948] [debug] [:] [WS Recv] {"type":"context_ping"}
[2026-09-15 09:45:46.534] [debug] [:] [WS Recv] {"type":"context_ping"}
[2026-09-15 09:45:46.718] [debug] [:] [WS Recv] {"type":"context_ping"}
[2026-09-15 09:45:48.199] [debug] [:] [WS Recv] {"type":"context_ping"}
[2026-09-15 09:45:49.719] [debug] [:] [WS Recv] {"type":"context_ping"}
[2026-09-15 09:45:49.782] [debug] [:] [WS Recv] {"type":"context_ping"}
[2026-09-15 09:45:51.448] [debug] [:] [WS Recv] {"type":"context_ping"}
[2026-09-15 09:45:52.783] [debug] [:] [WS Recv] {"type":"context_ping"}
[2026-09-15 09:45:52.968] [debug] [:] [WS Recv] {"type":"context_ping"}
[2026-09-15 09:45:54.452] [debug] [:] [WS Recv] {"type":"context_ping"}
[2026-09-15 09:45:56.034] [debug] [:] [WS Recv] {"type":"context_ping"}
[2026-09-15 09:45:56.218] [debug] [:] [WS Recv] {"type":"context_ping"}
[2026-09-15 09:45:57.699] [debug] [:] [WS Recv] {"type":"context_ping"}
[2026-09-15 09:45:59.283] [debug] [:] [WS Recv] {"type":"context_ping"}
[2026-09-15 09:45:59.468] [debug] [:] [WS Recv] {"type":"context_ping"}
[2026-09-15 09:46:00.699] [debug] [:] [WS Recv] {"type":"context_ping"}
[2026-09-15 09:46:02.285] [debug] [:] [WS Recv] {"type":"context_ping"}
[2026-09-15 09:46:02.717] [debug] [:] [WS Recv] {"type":"context_ping"}
[2026-09-15 09:46:03.699] [debug] [:] [WS Recv] {"type":"context_ping"}
[2026-09-15 09:46:05.535] [debug] [:] [WS Recv] {"type":"context_ping"}
[2026-09-15 09:46:05.719] [debug] [:] [WS Recv] {"type":"context_ping"}
[2026-09-15 09:46:06.700] [debug] [:] [WS Recv] {"type":"context_ping"}
[2026-09-15 09:46:08.537] [debug] [:] [WS Recv] {"type":"context_ping"}
[2026-09-15 09:46:08.968] [debug] [:] [WS Recv] {"type":"context_ping"}
[2026-09-15 09:46:09.701] [debug] [:] [WS Recv] {"type":"context_ping"}
[2026-09-15 09:46:11.785] [debug] [:] [WS Recv] {"type":"context_ping"}
[2026-09-15 09:46:11.968] [debug] [:] [WS Recv] {"type":"context_ping"}
[2026-09-15 09:46:12.950] [debug] [:] [WS Recv] {"type":"context_ping"}
[2026-09-15 09:46:14.787] [debug] [:] [WS Recv] {"type":"context_ping"}
[2026-09-15 09:46:14.972] [debug] [:] [WS Recv] {"type":"context_ping"}
[2026-09-15 09:46:16.199] [debug] [:] [WS Recv] {"type":"context_ping"}
[2026-09-15 09:46:17.787] [debug] [:] [WS Recv] {"type":"context_ping"}
[2026-09-15 09:46:17.974] [debug] [:] [WS Recv] {"type":"context_ping"}
[2026-09-15 09:46:19.454] [debug] [:] [WS Recv] {"type":"context_ping"}
[2026-09-15 09:46:20.787] [debug] [:] [WS Recv] {"type":"context_ping"}
[2026-09-15 09:46:21.223] [debug] [:] [WS Recv] {"type":"context_ping"}
[2026-09-15 09:46:22.700] [debug] [:] [WS Recv] {"type":"context_ping"}
[2026-09-15 09:46:24.037] [debug] [:] [WS Recv] {"type":"context_ping"}
[2026-09-15 09:46:24.472] [debug] [:] [WS Recv] {"type":"context_ping"}
[2026-09-15 09:46:25.951] [debug] [:] [WS Recv] {"type":"context_ping"}
[2026-09-15 09:46:27.039] [debug] [:] [WS Recv] {"type":"context_ping"}
[2026-09-15 09:46:27.472] [debug] [:] [WS Recv] {"type":"context_ping"}
[2026-09-15 09:46:29.199] [debug] [:] [WS Recv] {"type":"context_ping"}
[2026-09-15 09:46:30.288] [debug] [:] [WS Recv] {"type":"context_ping"}
[2026-09-15 09:46:30.724] [debug] [:] [WS Recv] {"type":"context_ping"}
[2026-09-15 09:46:32.200] [debug] [:] [WS Recv] {"type":"context_ping"}
[2026-09-15 09:46:33.291] [debug] [:] [WS Recv] {"type":"context_ping"}
[2026-09-15 09:46:33.972] [debug] [:] [WS Recv] {"type":"context_ping"}
[2026-09-15 09:46:35.201] [debug] [:] [WS Recv] {"type":"context_ping"}
[2026-09-15 09:46:36.539] [debug] [:] [WS Recv] {"type":"context_ping"}
[2026-09-15 09:46:36.975] [debug] [:] [WS Recv] {"type":"context_ping"}
[2026-09-15 09:46:38.451] [debug] [:] [WS Recv] {"type":"context_ping"}
[2026-09-15 09:46:39.788] [debug] [:] [WS Recv] {"type":"context_ping"}
[2026-09-15 09:46:40.224] [debug] [:] [WS Recv] {"type":"context_ping"}
[2026-09-15 09:46:41.700] [debug] [:] [WS Recv] {"type":"context_ping"}
[2026-09-15 09:46:42.789] [debug] [:] [WS Recv] {"type":"context_ping"}
[2026-09-15 09:46:43.224] [debug] [:] [WS Recv] {"type":"context_ping"}
[2026-09-15 09:46:44.700] [debug] [:] [WS Recv] {"type":"context_ping"}
[2026-09-15 09:46:46.039] [debug] [:] [WS Recv] {"type":"context_ping"}
[2026-09-15 09:46:46.473] [debug] [:] [WS Recv] {"type":"context_ping"}
[2026-09-15 09:46:47.701] [debug] [:] [WS Recv] {"type":"context_ping"}
[2026-09-15 09:46:49.290] [debug] [:] [WS Recv] {"type":"context_ping"}
[2026-09-15 09:46:49.475] [debug] [:] [WS Recv] {"type":"context_ping"}
[2026-09-15 09:46:50.951] [debug] [:] [WS Recv] {"type":"context_ping"}
[2026-09-15 09:46:52.539] [debug] [:] [WS Recv] {"type":"context_ping"}
[2026-09-15 09:46:52.723] [debug] [:] [WS Recv] {"type":"context_ping"}
[2026-09-15 09:46:54.200] [debug] [:] [WS Recv] {"type":"context_ping"}
[2026-09-15 09:46:55.725] [debug] [:] [WS Recv] {"type":"context_ping"}
[2026-09-15 09:46:55.788] [debug] [:] [WS Recv] {"type":"context_ping"}
[2026-09-15 09:46:57.450] [debug] [:] [WS Recv] {"type":"context_ping"}
[2026-09-15 09:46:58.790] [debug] [:] [WS Recv] {"type":"context_ping"}
[2026-09-15 09:46:58.973] [debug] [:] [WS Recv] {"type":"context_ping"}
[2026-09-15 09:47:00.451] [debug] [:] [WS Recv] {"type":"context_ping"}
[2026-09-15 09:47:02.039] [debug] [:] [WS Recv] {"type":"context_ping"}
[2026-09-15 09:47:02.223] [debug] [:] [WS Recv] {"type":"context_ping"}
[2026-09-15 09:47:03.459] [debug] [:] [WS Recv] {"type":"context_ping"}
[2026-09-15 09:47:05.223] [debug] [:] [WS Recv] {"type":"context_ping"}
[2026-09-15 09:47:05.290] [debug] [:] [WS Recv] {"type":"context_ping"}
[2026-09-15 09:47:06.701] [debug] [:] [WS Recv] {"type":"context_ping"}
[2026-09-15 09:47:08.473] [debug] [:] [WS Recv] {"type":"context_ping"}
[2026-09-15 09:47:08.543] [debug] [:] [WS Recv] {"type":"context_ping"}
[2026-09-15 09:47:09.701] [debug] [:] [WS Recv] {"type":"context_ping"}
[2026-09-15 09:47:11.474] [debug] [:] [WS Recv] {"type":"context_ping"}
[2026-09-15 09:47:11.790] [debug] [:] [WS Recv] {"type":"context_ping"}
[2026-09-15 09:47:12.701] [debug] [:] [WS Recv] {"type":"context_ping"}
[2026-09-15 09:47:14.734] [debug] [:] [WS Recv] {"type":"context_ping"}
[2026-09-15 09:47:14.790] [debug] [:] [WS Recv] {"type":"context_ping"}
[2026-09-15 09:47:15.705] [debug] [:] [WS Recv] {"type":"context_ping"}
[2026-09-15 09:47:17.735] [debug] [:] [WS Recv] {"type":"context_ping"}
[2026-09-15 09:47:18.039] [debug] [:] [WS Recv] {"type":"context_ping"}
[2026-09-15 09:47:18.954] [debug] [:] [WS Recv] {"type":"context_ping"}
[2026-09-15 09:47:20.985] [debug] [:] [WS Recv] {"type":"context_ping"}
[2026-09-15 09:47:21.040] [debug] [:] [WS Recv] {"type":"context_ping"}
[2026-09-15 09:47:22.203] [debug] [:] [WS Recv] {"type":"context_ping"}
[2026-09-15 09:47:23.988] [debug] [:] [WS Recv] {"type":"context_ping"}
[2026-09-15 09:47:24.290] [debug] [:] [WS Recv] {"type":"context_ping"}
[2026-09-15 09:47:25.204] [debug] [:] [WS Recv] {"type":"context_ping"}
[2026-09-15 09:47:27.233] [debug] [:] [WS Recv] {"type":"context_ping"}
[2026-09-15 09:47:27.291] [debug] [:] [WS Recv] {"type":"context_ping"}
[2026-09-15 09:47:28.205] [debug] [:] [WS Recv] {"type":"context_ping"}
[2026-09-15 09:47:30.235] [debug] [:] [WS Recv] {"type":"context_ping"}
[2026-09-15 09:47:30.543] [debug] [:] [WS Recv] {"type":"context_ping"}
[2026-09-15 09:47:31.456] [debug] [:] [WS Recv] {"type":"context_ping"}
[2026-09-15 09:47:33.483] [debug] [:] [WS Recv] {"type":"context_ping"}
[2026-09-15 09:47:33.543] [debug] [:] [WS Recv] {"type":"context_ping"}
[2026-09-15 09:47:34.706] [debug] [:] [WS Recv] {"type":"context_ping"}
[2026-09-15 09:47:36.485] [debug] [:] [WS Recv] {"type":"context_ping"}
[2026-09-15 09:47:36.795] [debug] [:] [WS Recv] {"type":"context_ping"}
[2026-09-15 09:47:37.955] [debug] [:] [WS Recv] {"type":"context_ping"}
[2026-09-15 09:47:39.486] [debug] [:] [WS Recv] {"type":"context_ping"}
[2026-09-15 09:47:40.042] [debug] [:] [WS Recv] {"type":"context_ping"}
[2026-09-15 09:47:41.204] [debug] [:] [WS Recv] {"type":"context_ping"}
[2026-09-15 09:47:42.735] [debug] [:] [WS Recv] {"type":"context_ping"}
[2026-09-15 09:47:43.044] [debug] [:] [WS Recv] {"type":"context_ping"}
[2026-09-15 09:47:44.204] [debug] [:] [WS Recv] {"type":"context_ping"}
[2026-09-15 09:47:45.735] [debug] [:] [WS Recv] {"type":"context_ping"}
[2026-09-15 09:47:46.292] [debug] [:] [WS Recv] {"type":"context_ping"}
[2026-09-15 09:47:47.454] [debug] [:] [WS Recv] {"type":"context_ping"}
[2026-09-15 09:47:48.985] [debug] [:] [WS Recv] {"type":"context_ping"}
[2026-09-15 09:47:49.292] [debug] [:] [WS Recv] {"type":"context_ping"}
[2026-09-15 09:47:50.454] [debug] [:] [WS Recv] {"type":"context_ping"}
[2026-09-15 09:47:52.235] [debug] [:] [WS Recv] {"type":"context_ping"}
[2026-09-15 09:47:52.292] [debug] [:] [WS Recv] {"type":"context_ping"}
[2026-09-15 09:47:53.706] [debug] [:] [WS Recv] {"type":"context_ping"}
[2026-09-15 09:47:55.235] [debug] [:] [WS Recv] {"type":"context_ping"}
[2026-09-15 09:47:55.294] [debug] [:] [WS Recv] {"type":"context_ping"}
[2026-09-15 09:47:56.954] [debug] [:] [WS Recv] {"type":"context_ping"}
[2026-09-15 09:47:58.235] [debug] [:] [WS Recv] {"type":"context_ping"}
[2026-09-15 09:47:58.295] [debug] [:] [WS Recv] {"type":"context_ping"}
[2026-09-15 09:48:00.204] [debug] [:] [WS Recv] {"type":"context_ping"}
[2026-09-15 09:48:01.236] [debug] [:] [WS Recv] {"type":"context_ping"}
[2026-09-15 09:48:01.547] [debug] [:] [WS Recv] {"type":"context_ping"}
[2026-09-15 09:48:03.204] [debug] [:] [WS Recv] {"type":"context_ping"}
[2026-09-15 09:48:04.486] [debug] [:] [WS Recv] {"type":"context_ping"}
[2026-09-15 09:48:04.794] [debug] [:] [WS Recv] {"type":"context_ping"}
[2026-09-15 09:48:06.205] [debug] [:] [WS Recv] {"type":"context_ping"}
[2026-09-15 09:48:07.736] [debug] [:] [WS Recv] {"type":"context_ping"}
[2026-09-15 09:48:07.795] [debug] [:] [WS Recv] {"type":"context_ping"}
[2026-09-15 09:48:09.455] [debug] [:] [WS Recv] {"type":"context_ping"}
[2026-09-15 09:48:10.986] [debug] [:] [WS Recv] {"type":"context_ping"}
[2026-09-15 09:48:11.045] [debug] [:] [WS Recv] {"type":"context_ping"}
[2026-09-15 09:48:12.705] [debug] [:] [WS Recv] {"type":"context_ping"}
[2026-09-15 09:48:14.048] [debug] [:] [WS Recv] {"type":"context_ping"}
[2026-09-15 09:48:14.236] [debug] [:] [WS Recv] {"type":"context_ping"}
[2026-09-15 09:48:15.710] [debug] [:] [WS Recv] {"type":"context_ping"}
[2026-09-15 09:48:17.050] [debug] [:] [WS Recv] {"type":"context_ping"}
[2026-09-15 09:48:17.486] [debug] [:] [WS Recv] {"type":"context_ping"}
[2026-09-15 09:48:18.961] [debug] [:] [WS Recv] {"type":"context_ping"}
[2026-09-15 09:48:20.298] [debug] [:] [WS Recv] {"type":"context_ping"}
[2026-09-15 09:48:20.487] [debug] [:] [WS Recv] {"type":"context_ping"}
[2026-09-15 09:48:22.209] [debug] [:] [WS Recv] {"type":"context_ping"}
[2026-09-15 09:48:23.488] [debug] [:] [WS Recv] {"type":"context_ping"}
[2026-09-15 09:48:23.547] [debug] [:] [WS Recv] {"type":"context_ping"}
[2026-09-15 09:48:25.210] [debug] [:] [WS Recv] {"type":"context_ping"}
[2026-09-15 09:48:26.739] [debug] [:] [WS Recv] {"type":"context_ping"}
[2026-09-15 09:48:26.797] [debug] [:] [WS Recv] {"type":"context_ping"}
[2026-09-15 09:48:28.459] [debug] [:] [WS Recv] {"type":"context_ping"}
[2026-09-15 09:48:29.986] [debug] [:] [WS Recv] {"type":"context_ping"}
[2026-09-15 09:48:30.047] [debug] [:] [WS Recv] {"type":"context_ping"}
[2026-09-15 09:48:31.709] [debug] [:] [WS Recv] {"type":"context_ping"}
[2026-09-15 09:48:32.987] [debug] [:] [WS Recv] {"type":"context_ping"}
[2026-09-15 09:48:33.049] [debug] [:] [WS Recv] {"type":"context_ping"}
[2026-09-15 09:48:34.709] [debug] [:] [WS Recv] {"type":"context_ping"}
[2026-09-15 09:48:35.987] [debug] [:] [WS Recv] {"type":"context_ping"}
[2026-09-15 09:48:36.049] [debug] [:] [WS Recv] {"type":"context_ping"}
[2026-09-15 09:48:37.709] [debug] [:] [WS Recv] {"type":"context_ping"}
[2026-09-15 09:48:38.989] [debug] [:] [WS Recv] {"type":"context_ping"}
[2026-09-15 09:48:39.298] [debug] [:] [WS Recv] {"type":"context_ping"}
[2026-09-15 09:48:40.710] [debug] [:] [WS Recv] {"type":"context_ping"}
[2026-09-15 09:48:42.238] [debug] [:] [WS Recv] {"type":"context_ping"}
[2026-09-15 09:48:42.298] [debug] [:] [WS Recv] {"type":"context_ping"}
[2026-09-15 09:48:43.959] [debug] [:] [WS Recv] {"type":"context_ping"}
[2026-09-15 09:48:45.238] [debug] [:] [WS Recv] {"type":"context_ping"}
[2026-09-15 09:48:45.298] [debug] [:] [WS Recv] {"type":"context_ping"}
[2026-09-15 09:48:47.210] [debug] [:] [WS Recv] {"type":"context_ping"}
[2026-09-15 09:48:48.299] [debug] [:] [WS Recv] {"type":"context_ping"}
[2026-09-15 09:48:48.487] [debug] [:] [WS Recv] {"type":"context_ping"}
[2026-09-15 09:48:50.460] [debug] [:] [WS Recv] {"type":"context_ping"}
[2026-09-15 09:48:51.488] [debug] [:] [WS Recv] {"type":"context_ping"}
[2026-09-15 09:48:51.549] [debug] [:] [WS Recv] {"type":"context_ping"}
[2026-09-15 09:48:53.711] [debug] [:] [WS Recv] {"type":"context_ping"}
[2026-09-15 09:48:54.490] [debug] [:] [WS Recv] {"type":"context_ping"}
[2026-09-15 09:48:54.799] [debug] [:] [WS Recv] {"type":"context_ping"}
[2026-09-15 09:48:56.960] [debug] [:] [WS Recv] {"type":"context_ping"}
[2026-09-15 09:48:57.737] [debug] [:] [WS Recv] {"type":"context_ping"}
[2026-09-15 09:48:58.050] [debug] [:] [WS Recv] {"type":"context_ping"}
[2026-09-15 09:49:00.209] [debug] [:] [WS Recv] {"type":"context_ping"}
[2026-09-15 09:49:00.739] [debug] [:] [WS Recv] {"type":"context_ping"}
[2026-09-15 09:49:01.051] [debug] [:] [WS Recv] {"type":"context_ping"}
[2026-09-15 09:49:03.210] [debug] [:] [WS Recv] {"type":"context_ping"}
[2026-09-15 09:49:03.988] [debug] [:] [WS Recv] {"type":"context_ping"}
[2026-09-15 09:49:04.300] [debug] [:] [WS Recv] {"type":"context_ping"}
[2026-09-15 09:49:06.210] [debug] [:] [WS Recv] {"type":"context_ping"}
[2026-09-15 09:49:06.990] [debug] [:] [WS Recv] {"type":"context_ping"}
[2026-09-15 09:49:07.551] [debug] [:] [WS Recv] {"type":"context_ping"}
[2026-09-15 09:49:09.460] [debug] [:] [WS Recv] {"type":"context_ping"}
[2026-09-15 09:49:10.240] [debug] [:] [WS Recv] {"type":"context_ping"}
[2026-09-15 09:49:10.801] [debug] [:] [WS Recv] {"type":"context_ping"}
[2026-09-15 09:49:12.710] [debug] [:] [WS Recv] {"type":"context_ping"}
[2026-09-15 09:49:13.240] [debug] [:] [WS Recv] {"type":"context_ping"}
[2026-09-15 09:49:13.802] [debug] [:] [WS Recv] {"type":"context_ping"}
[2026-09-15 09:49:15.960] [debug] [:] [WS Recv] {"type":"context_ping"}
[2026-09-15 09:49:16.489] [debug] [:] [WS Recv] {"type":"context_ping"}
[2026-09-15 09:49:17.051] [debug] [:] [WS Recv] {"type":"context_ping"}
[2026-09-15 09:49:18.962] [debug] [:] [WS Recv] {"type":"context_ping"}
[2026-09-15 09:49:19.490] [debug] [:] [WS Recv] {"type":"context_ping"}
[2026-09-15 09:49:22.211] [debug] [:] [WS Recv] {"type":"context_ping"}
[2026-09-15 09:49:22.491] [debug] [:] [WS Recv] {"type":"context_ping"}
[2026-09-15 09:49:25.460] [debug] [:] [WS Recv] {"type":"context_ping"}
[2026-09-15 09:49:25.741] [debug] [:] [WS Recv] {"type":"context_ping"}
[2026-09-15 09:49:28.710] [debug] [:] [WS Recv] {"type":"context_ping"}
[2026-09-15 09:49:28.989] [debug] [:] [WS Recv] {"type":"context_ping"}
[2026-09-15 09:49:29.806] [info] [:] [WS] session closed: 远程主机强迫关闭了一个现有的连接。 [system:10054]
[2026-09-15 09:49:29.807] [debug] [:] [WS] Client disconnected, total sessions=2
[2026-09-15 09:49:31.710] [debug] [:] [WS Recv] {"type":"context_ping"}
[2026-09-15 09:49:31.991] [debug] [:] [WS Recv] {"type":"context_ping"}
[2026-09-15 09:49:32.140] [debug] [:] [WS] Client connected, total sessions=3
[2026-09-15 09:49:32.180] [debug] [:] [WS Recv] {
	"type": "subscribe_context",
	"instance_id": "A8C1B532-4EB0-8A6C-F4FF-53AB863D0E28"
}
[2026-09-15 09:49:32.282] [debug] [:] [WS Recv] {"type":"context_ping"}
[2026-09-15 09:49:34.962] [debug] [:] [WS Recv] {"type":"context_ping"}
[2026-09-15 09:49:35.239] [debug] [:] [WS Recv] {"type":"context_ping"}
[2026-09-15 09:49:35.532] [debug] [:] [WS Recv] {"type":"context_ping"}
[2026-09-15 09:49:38.210] [debug] [:] [WS Recv] {"type":"context_ping"}
[2026-09-15 09:49:38.490] [debug] [:] [WS Recv] {"type":"context_ping"}
[2026-09-15 09:49:38.534] [debug] [:] [WS Recv] {"type":"context_ping"}
[2026-09-15 09:49:41.461] [debug] [:] [WS Recv] {"type":"context_ping"}
[2026-09-15 09:49:41.739] [debug] [:] [WS Recv] {"type":"context_ping"}
[2026-09-15 09:49:41.781] [debug] [:] [WS Recv] {"type":"context_ping"}
[2026-09-15 09:49:44.711] [debug] [:] [WS Recv] {"type":"context_ping"}
[2026-09-15 09:49:44.740] [debug] [:] [WS Recv] {"type":"context_ping"}
[2026-09-15 09:49:44.782] [debug] [:] [WS Recv] {"type":"context_ping"}
[2026-09-15 09:49:47.740] [debug] [:] [WS Recv] {"type":"context_ping"}
[2026-09-15 09:49:47.960] [debug] [:] [WS Recv] {"type":"context_ping"}
[2026-09-15 09:49:48.031] [debug] [:] [WS Recv] {"type":"context_ping"}
[2026-09-15 09:49:50.741] [debug] [:] [WS Recv] {"type":"context_ping"}
[2026-09-15 09:49:50.961] [debug] [:] [WS Recv] {"type":"context_ping"}
[2026-09-15 09:49:51.281] [debug] [:] [WS Recv] {"type":"context_ping"}
[2026-09-15 09:49:53.990] [debug] [:] [WS Recv] {"type":"context_ping"}
[2026-09-15 09:49:54.210] [debug] [:] [WS Recv] {"type":"context_ping"}
[2026-09-15 09:49:54.532] [debug] [:] [WS Recv] {"type":"context_ping"}
[2026-09-15 09:49:56.991] [debug] [:] [WS Recv] {"type":"context_ping"}
[2026-09-15 09:49:57.211] [debug] [:] [WS Recv] {"type":"context_ping"}
[2026-09-15 09:49:57.782] [debug] [:] [WS Recv] {"type":"context_ping"}
[2026-09-15 09:50:00.241] [debug] [:] [WS Recv] {"type":"context_ping"}
[2026-09-15 09:50:00.461] [debug] [:] [WS Recv] {"type":"context_ping"}
[2026-09-15 09:50:00.782] [debug] [:] [WS Recv] {"type":"context_ping"}
[2026-09-15 09:50:03.491] [debug] [:] [WS Recv] {"type":"context_ping"}
[2026-09-15 09:50:03.711] [debug] [:] [WS Recv] {"type":"context_ping"}
[2026-09-15 09:50:04.032] [debug] [:] [WS Recv] {"type":"context_ping"}
[2026-09-15 09:50:06.711] [debug] [:] [WS Recv] {"type":"context_ping"}
[2026-09-15 09:50:06.741] [debug] [:] [WS Recv] {"type":"context_ping"}
[2026-09-15 09:50:07.282] [debug] [:] [WS Recv] {"type":"context_ping"}
[2026-09-15 09:50:09.742] [debug] [:] [WS Recv] {"type":"context_ping"}
[2026-09-15 09:50:09.961] [debug] [:] [WS Recv] {"type":"context_ping"}
[2026-09-15 09:50:10.533] [debug] [:] [WS Recv] {"type":"context_ping"}
[2026-09-15 09:50:12.743] [debug] [:] [WS Recv] {"type":"context_ping"}
[2026-09-15 09:50:12.962] [debug] [:] [WS Recv] {"type":"context_ping"}
[2026-09-15 09:50:13.535] [debug] [:] [WS Recv] {"type":"context_ping"}
[2026-09-15 09:50:15.991] [debug] [:] [WS Recv] {"type":"context_ping"}
[2026-09-15 09:50:16.211] [debug] [:] [WS Recv] {"type":"context_ping"}
[2026-09-15 09:50:16.783] [debug] [:] [WS Recv] {"type":"context_ping"}
[2026-09-15 09:50:18.992] [debug] [:] [WS Recv] {"type":"context_ping"}
[2026-09-15 09:50:19.211] [debug] [:] [WS Recv] {"type":"context_ping"}
[2026-09-15 09:50:20.032] [debug] [:] [WS Recv] {"type":"context_ping"}
[2026-09-15 09:50:21.993] [debug] [:] [WS Recv] {"type":"context_ping"}
[2026-09-15 09:50:22.211] [debug] [:] [WS Recv] {"type":"context_ping"}
[2026-09-15 09:50:23.282] [debug] [:] [WS Recv] {"type":"context_ping"}
[2026-09-15 09:50:24.993] [debug] [:] [WS Recv] {"type":"context_ping"}
[2026-09-15 09:50:25.462] [debug] [:] [WS Recv] {"type":"context_ping"}
[2026-09-15 09:50:26.283] [debug] [:] [WS Recv] {"type":"context_ping"}
[2026-09-15 09:50:27.995] [debug] [:] [WS Recv] {"type":"context_ping"}
[2026-09-15 09:50:28.462] [debug] [:] [WS Recv] {"type":"context_ping"}
[2026-09-15 09:50:29.532] [debug] [:] [WS Recv] {"type":"context_ping"}
[2026-09-15 09:50:30.995] [debug] [:] [WS Recv] {"type":"context_ping"}
[2026-09-15 09:50:31.712] [debug] [:] [WS Recv] {"type":"context_ping"}
[2026-09-15 09:50:32.534] [debug] [:] [WS Recv] {"type":"context_ping"}
[2026-09-15 09:50:33.995] [debug] [:] [WS Recv] {"type":"context_ping"}
[2026-09-15 09:50:34.961] [debug] [:] [WS Recv] {"type":"context_ping"}
[2026-09-15 09:50:35.782] [debug] [:] [WS Recv] {"type":"context_ping"}
[2026-09-15 09:50:37.243] [debug] [:] [WS Recv] {"type":"context_ping"}
[2026-09-15 09:50:37.961] [debug] [:] [WS Recv] {"type":"context_ping"}
[2026-09-15 09:50:38.782] [debug] [:] [WS Recv] {"type":"context_ping"}
[2026-09-15 09:50:40.243] [debug] [:] [WS Recv] {"type":"context_ping"}
[2026-09-15 09:50:40.962] [debug] [:] [WS Recv] {"type":"context_ping"}
[2026-09-15 09:50:41.783] [debug] [:] [WS Recv] {"type":"context_ping"}
[2026-09-15 09:50:43.245] [debug] [:] [WS Recv] {"type":"context_ping"}
[2026-09-15 09:50:44.212] [debug] [:] [WS Recv] {"type":"context_ping"}
[2026-09-15 09:50:44.783] [debug] [:] [WS Recv] {"type":"context_ping"}
[2026-09-15 09:50:46.249] [debug] [:] [WS Recv] {"type":"context_ping"}
[2026-09-15 09:50:47.462] [debug] [:] [WS Recv] {"type":"context_ping"}
[2026-09-15 09:50:48.032] [debug] [:] [WS Recv] {"type":"context_ping"}
[2026-09-15 09:50:49.251] [debug] [:] [WS Recv] {"type":"context_ping"}
[2026-09-15 09:50:50.464] [debug] [:] [WS Recv] {"type":"context_ping"}
[2026-09-15 09:50:51.032] [debug] [:] [WS Recv] {"type":"context_ping"}
[2026-09-15 09:50:52.498] [debug] [:] [WS Recv] {"type":"context_ping"}
[2026-09-15 09:50:53.712] [debug] [:] [WS Recv] {"type":"context_ping"}
[2026-09-15 09:50:54.283] [debug] [:] [WS Recv] {"type":"context_ping"}
[2026-09-15 09:50:55.499] [debug] [:] [WS Recv] {"type":"context_ping"}
[2026-09-15 09:50:56.963] [debug] [:] [WS Recv] {"type":"context_ping"}
[2026-09-15 09:50:57.533] [debug] [:] [WS Recv] {"type":"context_ping"}
[2026-09-15 09:50:58.753] [debug] [:] [WS Recv] {"type":"context_ping"}
[2026-09-15 09:50:59.963] [debug] [:] [WS Recv] {"type":"context_ping"}
[2026-09-15 09:51:00.782] [debug] [:] [WS Recv] {"type":"context_ping"}
[2026-09-15 09:51:02.001] [debug] [:] [WS Recv] {"type":"context_ping"}
[2026-09-15 09:51:03.193] [debug] [:] [WS Recv] {"type":"context_ping"}
[2026-09-15 09:51:03.782] [debug] [:] [WS Recv] {"type":"context_ping"}
[2026-09-15 09:51:05.249] [debug] [:] [WS Recv] {"type":"context_ping"}
[2026-09-15 09:51:06.425] [debug] [:] [WS Recv] {"type":"context_ping"}
[2026-09-15 09:51:06.783] [debug] [:] [WS Recv] {"type":"context_ping"}
[2026-09-15 09:51:08.249] [debug] [:] [WS Recv] {"type":"context_ping"}
[2026-09-15 09:51:09.633] [debug] [:] [WS Recv] {"type":"context_ping"}
[2026-09-15 09:51:10.034] [debug] [:] [WS Recv] {"type":"context_ping"}
[2026-09-15 09:51:11.250] [debug] [:] [WS Recv] {"type":"context_ping"}
[2026-09-15 09:51:12.854] [debug] [:] [WS Recv] {"type":"context_ping"}
[2026-09-15 09:51:13.283] [debug] [:] [WS Recv] {"type":"context_ping"}
[2026-09-15 09:51:14.501] [debug] [:] [WS Recv] {"type":"context_ping"}
[2026-09-15 09:51:16.042] [debug] [:] [WS Recv] {"type":"context_ping"}
[2026-09-15 09:51:16.534] [debug] [:] [WS Recv] {"type":"context_ping"}
[2026-09-15 09:51:17.750] [debug] [:] [WS Recv] {"type":"context_ping"}
[2026-09-15 09:51:19.191] [debug] [:] [WS Recv] {"type":"context_ping"}
[2026-09-15 09:51:19.543] [debug] [:] [WS Recv] {"type":"context_ping"}
[2026-09-15 09:51:20.751] [debug] [:] [WS Recv] {"type":"context_ping"}
[2026-09-15 09:51:22.409] [debug] [:] [WS Recv] {"type":"context_ping"}
[2026-09-15 09:51:22.791] [debug] [:] [WS Recv] {"type":"context_ping"}
[2026-09-15 09:51:24.002] [debug] [:] [WS Recv] {"type":"context_ping"}
[2026-09-15 09:51:25.645] [debug] [:] [WS Recv] {"type":"context_ping"}
[2026-09-15 09:51:26.041] [debug] [:] [WS Recv] {"type":"context_ping"}
[2026-09-15 09:51:27.003] [debug] [:] [WS Recv] {"type":"context_ping"}
[2026-09-15 09:51:28.882] [debug] [:] [WS Recv] {"type":"context_ping"}
[2026-09-15 09:51:29.042] [debug] [:] [WS Recv] {"type":"context_ping"}
[2026-09-15 09:51:30.249] [debug] [:] [WS Recv] {"type":"context_ping"}
[2026-09-15 09:51:32.093] [debug] [:] [WS Recv] {"type":"context_ping"}
[2026-09-15 09:51:32.291] [debug] [:] [WS Recv] {"type":"context_ping"}
[2026-09-15 09:51:33.250] [debug] [:] [WS Recv] {"type":"context_ping"}
[2026-09-15 09:51:35.233] [debug] [:] [WS Recv] {"type":"context_ping"}
[2026-09-15 09:51:35.541] [debug] [:] [WS Recv] {"type":"context_ping"}
[2026-09-15 09:51:38.566] [debug] [:] [WS Recv] {"type":"context_ping"}
[2026-09-15 09:51:38.792] [debug] [:] [WS Recv] {"type":"context_ping"}
[2026-09-15 09:51:41.886] [debug] [:] [WS Recv] {"type":"context_ping"}
[2026-09-15 09:51:42.041] [debug] [:] [WS Recv] {"type":"context_ping"}
[2026-09-15 09:51:44.234] [debug] [:] [WS Recv] {"type":"context_ping"}
[2026-09-15 09:51:45.042] [debug] [:] [WS Recv] {"type":"context_ping"}
[2026-09-15 09:51:45.149] [debug] [:] [WS Recv] {"type":"context_ping"}
[2026-09-15 09:51:47.266] [debug] [:] [WS Recv] {"type":"context_ping"}
[2026-09-15 09:51:48.249] [debug] [:] [WS Recv] {"type":"context_ping"}
[2026-09-15 09:51:48.292] [debug] [:] [WS Recv] {"type":"context_ping"}
[2026-09-15 09:51:50.518] [debug] [:] [WS Recv] {"type":"context_ping"}
[2026-09-15 09:51:51.269] [debug] [:] [WS Recv] {"type":"context_ping"}
[2026-09-15 09:51:51.542] [debug] [:] [WS Recv] {"type":"context_ping"}
[2026-09-15 09:51:53.766] [debug] [:] [WS Recv] {"type":"context_ping"}
[2026-09-15 09:51:54.271] [debug] [:] [WS Recv] {"type":"context_ping"}
[2026-09-15 09:51:54.794] [debug] [:] [WS Recv] {"type":"context_ping"}
[2026-09-15 09:51:56.787] [debug] [:] [WS Recv] {"type":"context_ping"}
[2026-09-15 09:51:57.338] [debug] [:] [WS Recv] {"type":"context_ping"}
[2026-09-15 09:51:58.043] [debug] [:] [WS Recv] {"type":"context_ping"}
[2026-09-15 09:51:59.788] [debug] [:] [WS Recv] {"type":"context_ping"}
[2026-09-15 09:52:00.339] [debug] [:] [WS Recv] {"type":"context_ping"}
[2026-09-15 09:52:01.044] [debug] [:] [WS Recv] {"type":"context_ping"}
[2026-09-15 09:52:02.788] [debug] [:] [WS Recv] {"type":"context_ping"}
[2026-09-15 09:52:03.670] [debug] [:] [WS Recv] {"type":"context_ping"}
[2026-09-15 09:52:04.044] [debug] [:] [WS Recv] {"type":"context_ping"}
[2026-09-15 09:52:06.038] [debug] [:] [WS Recv] {"type":"context_ping"}
[2026-09-15 09:52:06.671] [debug] [:] [WS Recv] {"type":"context_ping"}
[2026-09-15 09:52:07.295] [debug] [:] [WS Recv] {"type":"context_ping"}
[2026-09-15 09:52:09.287] [debug] [:] [WS Recv] {"type":"context_ping"}
[2026-09-15 09:52:09.981] [debug] [:] [WS Recv] {"type":"context_ping"}
[2026-09-15 09:52:10.296] [debug] [:] [WS Recv] {"type":"context_ping"}
[2026-09-15 09:52:12.289] [debug] [:] [WS Recv] {"type":"context_ping"}
[2026-09-15 09:52:13.298] [debug] [:] [WS Recv] {"type":"context_ping"}
[2026-09-15 09:52:13.308] [debug] [:] [WS Recv] {"type":"context_ping"}
[2026-09-15 09:52:15.539] [debug] [:] [WS Recv] {"type":"context_ping"}
[2026-09-15 09:52:16.348] [debug] [:] [WS Recv] {"type":"context_ping"}
[2026-09-15 09:52:16.517] [debug] [:] [WS Recv] {"type":"context_ping"}
[2026-09-15 09:52:18.787] [debug] [:] [WS Recv] {"type":"context_ping"}
[2026-09-15 09:52:19.568] [debug] [:] [WS Recv] {"type":"context_ping"}
[2026-09-15 09:52:19.598] [debug] [:] [WS Recv] {"type":"context_ping"}
[2026-09-15 09:52:21.809] [debug] [:] [WS Recv] {"type":"context_ping"}
[2026-09-15 09:52:22.606] [debug] [:] [WS Recv] {"type":"context_ping"}
[2026-09-15 09:52:22.746] [debug] [:] [WS Recv] {"type":"context_ping"}
[2026-09-15 09:52:24.890] [debug] [:] [WS Recv] {"type":"context_ping"}
[2026-09-15 09:52:25.606] [debug] [:] [WS Recv] {"type":"context_ping"}
[2026-09-15 09:52:25.907] [debug] [:] [WS Recv] {"type":"context_ping"}
[2026-09-15 09:52:27.941] [debug] [:] [WS Recv] {"type":"context_ping"}
[2026-09-15 09:52:28.607] [debug] [:] [WS Recv] {"type":"context_ping"}
[2026-09-15 09:52:28.908] [debug] [:] [WS Recv] {"type":"context_ping"}
[2026-09-15 09:52:30.941] [debug] [:] [WS Recv] {"type":"context_ping"}
[2026-09-15 09:52:31.607] [debug] [:] [WS Recv] {"type":"context_ping"}
[2026-09-15 09:52:31.909] [debug] [:] [WS Recv] {"type":"context_ping"}
[2026-09-15 09:52:33.941] [debug] [:] [WS Recv] {"type":"context_ping"}
[2026-09-15 09:52:34.857] [debug] [:] [WS Recv] {"type":"context_ping"}
[2026-09-15 09:52:35.157] [debug] [:] [WS Recv] {"type":"context_ping"}
[2026-09-15 09:52:36.944] [debug] [:] [WS Recv] {"type":"context_ping"}
[2026-09-15 09:52:37.858] [debug] [:] [WS Recv] {"type":"context_ping"}
[2026-09-15 09:52:38.158] [debug] [:] [WS Recv] {"type":"context_ping"}
[2026-09-15 09:52:40.193] [debug] [:] [WS Recv] {"type":"context_ping"}
[2026-09-15 09:52:41.108] [debug] [:] [WS Recv] {"type":"context_ping"}
[2026-09-15 09:52:41.407] [debug] [:] [WS Recv] {"type":"context_ping"}
[2026-09-15 09:52:43.160] [debug] [:] [P1][Backend] Context v5
[2026-09-15 09:52:43.443] [debug] [:] [WS Recv] {"type":"context_ping"}
[2026-09-15 09:52:44.357] [debug] [:] [WS Recv] {"type":"context_ping"}
[2026-09-15 09:52:44.409] [debug] [:] [WS Recv] {"type":"context_ping"}
[2026-09-15 09:52:46.443] [debug] [:] [WS Recv] {"type":"context_ping"}
[2026-09-15 09:52:47.357] [debug] [:] [WS Recv] {"type":"context_ping"}
[2026-09-15 09:52:47.657] [debug] [:] [WS Recv] {"type":"context_ping"}
[2026-09-15 09:52:49.691] [debug] [:] [WS Recv] {"type":"context_ping"}
[2026-09-15 09:52:50.608] [debug] [:] [WS Recv] {"type":"context_ping"}
[2026-09-15 09:52:50.658] [debug] [:] [WS Recv] {"type":"context_ping"}
[2026-09-15 09:52:52.941] [debug] [:] [WS Recv] {"type":"context_ping"}
[2026-09-15 09:52:53.659] [debug] [:] [WS Recv] {"type":"context_ping"}
[2026-09-15 09:52:53.858] [debug] [:] [WS Recv] {"type":"context_ping"}
[2026-09-15 09:52:55.941] [debug] [:] [WS Recv] {"type":"context_ping"}
[2026-09-15 09:52:56.908] [debug] [:] [WS Recv] {"type":"context_ping"}
[2026-09-15 09:52:57.108] [debug] [:] [WS Recv] {"type":"context_ping"}
[2026-09-15 09:52:58.941] [debug] [:] [WS Recv] {"type":"context_ping"}
[2026-09-15 09:52:59.908] [debug] [:] [WS Recv] {"type":"context_ping"}
[2026-09-15 09:53:00.357] [debug] [:] [WS Recv] {"type":"context_ping"}
[2026-09-15 09:53:01.942] [debug] [:] [WS Recv] {"type":"context_ping"}
[2026-09-15 09:53:02.962] [debug] [:] [WS Recv] {"type":"context_ping"}
[2026-09-15 09:53:03.362] [debug] [:] [WS Recv] {"type":"context_ping"}
[2026-09-15 09:53:05.107] [debug] [:] [WS Recv] {"type":"context_ping"}
[2026-09-15 09:53:06.067] [debug] [:] [WS Recv] {"type":"context_ping"}
[2026-09-15 09:53:06.610] [debug] [:] [WS Recv] {"type":"context_ping"}
[2026-09-15 09:53:08.361] [debug] [:] [WS Recv] {"type":"context_ping"}
[2026-09-15 09:53:09.084] [debug] [:] [WS Recv] {"type":"context_ping"}
[2026-09-15 09:53:09.612] [debug] [:] [WS Recv] {"type":"context_ping"}
[2026-09-15 09:53:11.607] [debug] [:] [WS Recv] {"type":"context_ping"}
[2026-09-15 09:53:12.372] [debug] [:] [WS Recv] {"type":"context_ping"}
[2026-09-15 09:53:12.862] [debug] [:] [WS Recv] {"type":"context_ping"}
[2026-09-15 09:53:14.857] [debug] [:] [WS Recv] {"type":"context_ping"}
[2026-09-15 09:53:15.398] [debug] [:] [WS Recv] {"type":"context_ping"}
[2026-09-15 09:53:15.863] [debug] [:] [WS Recv] {"type":"context_ping"}
[2026-09-15 09:53:18.107] [debug] [:] [WS Recv] {"type":"context_ping"}
[2026-09-15 09:53:18.689] [debug] [:] [WS Recv] {"type":"context_ping"}
[2026-09-15 09:53:18.865] [debug] [:] [WS Recv] {"type":"context_ping"}
[2026-09-15 09:53:21.362] [debug] [:] [WS Recv] {"type":"context_ping"}
[2026-09-15 09:53:21.867] [debug] [:] [WS Recv] {"type":"context_ping"}
[2026-09-15 09:53:21.915] [debug] [:] [WS Recv] {"type":"context_ping"}
[2026-09-15 09:53:24.609] [debug] [:] [WS Recv] {"type":"context_ping"}
[2026-09-15 09:53:25.115] [debug] [:] [WS Recv] {"type":"context_ping"}
[2026-09-15 09:53:25.202] [debug] [:] [WS Recv] {"type":"context_ping"}
[2026-09-15 09:53:27.610] [debug] [:] [WS Recv] {"type":"context_ping"}
[2026-09-15 09:53:28.116] [debug] [:] [WS Recv] {"type":"context_ping"}
[2026-09-15 09:53:28.466] [debug] [:] [WS Recv] {"type":"context_ping"}
[2026-09-15 09:53:30.859] [debug] [:] [WS Recv] {"type":"context_ping"}
[2026-09-15 09:53:31.116] [debug] [:] [WS Recv] {"type":"context_ping"}
[2026-09-15 09:53:31.718] [debug] [:] [WS Recv] {"type":"context_ping"}
[2026-09-15 09:53:34.444] [debug] [:] [WS Recv] {"type":"context_ping"}
[2026-09-15 09:53:34.828] [debug] [:] [WS Recv] {"type":"context_ping"}
[2026-09-15 09:53:35.047] [debug] [:] [WS Recv] {"type":"context_ping"}
[2026-09-15 09:53:37.512] [debug] [:] [WS Recv] {"type":"context_ping"}
[2026-09-15 09:53:38.223] [debug] [:] [WS Recv] {"type":"context_ping"}
[2026-09-15 09:53:39.351] [debug] [:] [WS Recv] {"type":"context_ping"}
[2026-09-15 09:53:40.735] [debug] [:] [WS Recv] {"type":"context_ping"}
[2026-09-15 09:53:41.370] [debug] [:] [WS Recv] {"type":"context_ping"}
[2026-09-15 09:53:42.545] [debug] [:] [WS Recv] {"type":"context_ping"}
[2026-09-15 09:53:43.985] [debug] [:] [WS Recv] {"type":"context_ping"}
[2026-09-15 09:53:44.373] [debug] [:] [WS Recv] {"type":"context_ping"}
[2026-09-15 09:53:45.792] [debug] [:] [WS Recv] {"type":"context_ping"}
[2026-09-15 09:53:47.235] [debug] [:] [WS Recv] {"type":"context_ping"}
[2026-09-15 09:53:47.621] [debug] [:] [WS Recv] {"type":"context_ping"}
[2026-09-15 09:53:48.793] [debug] [:] [WS Recv] {"type":"context_ping"}
[2026-09-15 09:53:50.236] [debug] [:] [WS Recv] {"type":"context_ping"}
[2026-09-15 09:53:50.622] [debug] [:] [WS Recv] {"type":"context_ping"}
[2026-09-15 09:53:51.793] [debug] [:] [WS Recv] {"type":"context_ping"}
[2026-09-15 09:53:53.487] [debug] [:] [WS Recv] {"type":"context_ping"}
[2026-09-15 09:53:53.870] [debug] [:] [WS Recv] {"type":"context_ping"}
[2026-09-15 09:53:55.044] [debug] [:] [WS Recv] {"type":"context_ping"}
[2026-09-15 09:53:56.735] [debug] [:] [WS Recv] {"type":"context_ping"}
[2026-09-15 09:53:56.872] [debug] [:] [WS Recv] {"type":"context_ping"}
[2026-09-15 09:53:58.044] [debug] [:] [WS Recv] {"type":"context_ping"}
[2026-09-15 09:53:59.735] [debug] [:] [WS Recv] {"type":"context_ping"}
[2026-09-15 09:54:01.293] [debug] [:] [WS Recv] {"type":"context_ping"}
[2026-09-15 09:54:02.986] [debug] [:] [WS Recv] {"type":"context_ping"}
[2026-09-15 09:54:04.543] [debug] [:] [WS Recv] {"type":"context_ping"}
[2026-09-15 09:54:06.236] [debug] [:] [WS Recv] {"type":"context_ping"}
[2026-09-15 09:54:07.543] [debug] [:] [WS Recv] {"type":"context_ping"}
[2026-09-15 09:54:07.992] [debug] [:] [WS Recv] {"type":"context_ping"}
[2026-09-15 09:54:09.247] [debug] [:] [WS Recv] {"type":"context_ping"}
[2026-09-15 09:54:10.579] [debug] [:] [WS Recv] {"type":"context_ping"}
[2026-09-15 09:54:11.023] [debug] [:] [WS Recv] {"type":"context_ping"}
[2026-09-15 09:54:12.488] [debug] [:] [WS Recv] {"type":"context_ping"}
[2026-09-15 09:54:13.830] [debug] [:] [WS Recv] {"type":"context_ping"}
[2026-09-15 09:54:14.027] [debug] [:] [WS Recv] {"type":"context_ping"}
[2026-09-15 09:54:15.491] [debug] [:] [WS Recv] {"type":"context_ping"}
[2026-09-15 09:54:17.080] [debug] [:] [WS Recv] {"type":"context_ping"}
[2026-09-15 09:54:17.274] [debug] [:] [WS Recv] {"type":"context_ping"}
[2026-09-15 09:54:18.495] [debug] [:] [WS Recv] {"type":"context_ping"}
[2026-09-15 09:54:20.081] [debug] [:] [WS Recv] {"type":"context_ping"}
[2026-09-15 09:54:20.274] [debug] [:] [WS Recv] {"type":"context_ping"}
[2026-09-15 09:54:21.742] [debug] [:] [WS Recv] {"type":"context_ping"}
[2026-09-15 09:54:23.082] [debug] [:] [WS Recv] {"type":"context_ping"}
[2026-09-15 09:54:23.276] [debug] [:] [WS Recv] {"type":"context_ping"}
[2026-09-15 09:54:24.743] [debug] [:] [WS Recv] {"type":"context_ping"}
[2026-09-15 09:54:26.276] [debug] [:] [WS Recv] {"type":"context_ping"}
[2026-09-15 09:54:26.335] [debug] [:] [WS Recv] {"type":"context_ping"}
[2026-09-15 09:54:27.745] [debug] [:] [WS Recv] {"type":"context_ping"}
[2026-09-15 09:54:29.526] [debug] [:] [WS Recv] {"type":"context_ping"}
[2026-09-15 09:54:29.579] [debug] [:] [WS Recv] {"type":"context_ping"}
[2026-09-15 09:54:30.745] [debug] [:] [WS Recv] {"type":"context_ping"}
[2026-09-15 09:54:32.527] [debug] [:] [WS Recv] {"type":"context_ping"}
[2026-09-15 09:54:32.582] [debug] [:] [WS Recv] {"type":"context_ping"}
[2026-09-15 09:54:33.745] [debug] [:] [WS Recv] {"type":"context_ping"}
[2026-09-15 09:54:35.776] [debug] [:] [WS Recv] {"type":"context_ping"}
[2026-09-15 09:54:35.831] [debug] [:] [WS Recv] {"type":"context_ping"}
[2026-09-15 09:54:36.746] [debug] [:] [WS Recv] {"type":"context_ping"}
[2026-09-15 09:54:39.024] [debug] [:] [WS Recv] {"type":"context_ping"}
[2026-09-15 09:54:39.079] [debug] [:] [WS Recv] {"type":"context_ping"}
[2026-09-15 09:54:39.746] [debug] [:] [WS Recv] {"type":"context_ping"}
[2026-09-15 09:54:42.027] [debug] [:] [WS Recv] {"type":"context_ping"}
[2026-09-15 09:54:42.080] [debug] [:] [WS Recv] {"type":"context_ping"}
[2026-09-15 09:54:42.747] [debug] [:] [WS Recv] {"type":"context_ping"}
[2026-09-15 09:54:45.081] [debug] [:] [WS Recv] {"type":"context_ping"}
[2026-09-15 09:54:45.274] [debug] [:] [WS Recv] {"type":"context_ping"}
[2026-09-15 09:54:45.997] [debug] [:] [WS Recv] {"type":"context_ping"}
[2026-09-15 09:54:48.274] [debug] [:] [WS Recv] {"type":"context_ping"}
[2026-09-15 09:54:48.330] [debug] [:] [WS Recv] {"type":"context_ping"}
[2026-09-15 09:54:48.999] [debug] [:] [WS Recv] {"type":"context_ping"}
[2026-09-15 09:54:51.274] [debug] [:] [WS Recv] {"type":"context_ping"}
[2026-09-15 09:54:51.581] [debug] [:] [WS Recv] {"type":"context_ping"}
[2026-09-15 09:54:52.247] [debug] [:] [WS Recv] {"type":"context_ping"}
[2026-09-15 09:54:54.276] [debug] [:] [WS Recv] {"type":"context_ping"}
[2026-09-15 09:54:54.830] [debug] [:] [WS Recv] {"type":"context_ping"}
[2026-09-15 09:54:55.497] [debug] [:] [WS Recv] {"type":"context_ping"}
[2026-09-15 09:54:57.525] [debug] [:] [WS Recv] {"type":"context_ping"}
[2026-09-15 09:54:57.833] [debug] [:] [WS Recv] {"type":"context_ping"}
[2026-09-15 09:54:58.497] [debug] [:] [WS Recv] {"type":"context_ping"}
[2026-09-15 09:55:00.527] [debug] [:] [WS Recv] {"type":"context_ping"}
[2026-09-15 09:55:01.080] [debug] [:] [WS Recv] {"type":"context_ping"}
[2026-09-15 09:55:01.497] [debug] [:] [WS Recv] {"type":"context_ping"}
[2026-09-15 09:55:03.775] [debug] [:] [WS Recv] {"type":"context_ping"}
[2026-09-15 09:55:04.084] [debug] [:] [WS Recv] {"type":"context_ping"}
[2026-09-15 09:55:04.497] [debug] [:] [WS Recv] {"type":"context_ping"}
[2026-09-15 09:55:07.025] [debug] [:] [WS Recv] {"type":"context_ping"}
[2026-09-15 09:55:07.334] [debug] [:] [WS Recv] {"type":"context_ping"}
[2026-09-15 09:55:07.748] [debug] [:] [WS Recv] {"type":"context_ping"}
[2026-09-15 09:55:10.027] [debug] [:] [WS Recv] {"type":"context_ping"}
[2026-09-15 09:55:10.584] [debug] [:] [WS Recv] {"type":"context_ping"}
[2026-09-15 09:55:10.748] [debug] [:] [WS Recv] {"type":"context_ping"}
[2026-09-15 09:55:13.277] [debug] [:] [WS Recv] {"type":"context_ping"}
[2026-09-15 09:55:13.832] [debug] [:] [WS Recv] {"type":"context_ping"}
[2026-09-15 09:55:13.998] [debug] [:] [WS Recv] {"type":"context_ping"}
[2026-09-15 09:55:16.277] [debug] [:] [WS Recv] {"type":"context_ping"}
[2026-09-15 09:55:16.998] [debug] [:] [WS Recv] {"type":"context_ping"}
[2026-09-15 09:55:17.084] [debug] [:] [WS Recv] {"type":"context_ping"}
[2026-09-15 09:55:19.525] [debug] [:] [WS Recv] {"type":"context_ping"}
[2026-09-15 09:55:20.000] [debug] [:] [WS Recv] {"type":"context_ping"}
[2026-09-15 09:55:20.084] [debug] [:] [WS Recv] {"type":"context_ping"}
[2026-09-15 09:55:22.525] [debug] [:] [WS Recv] {"type":"context_ping"}
[2026-09-15 09:55:23.085] [debug] [:] [WS Recv] {"type":"context_ping"}
[2026-09-15 09:55:23.248] [debug] [:] [WS Recv] {"type":"context_ping"}
[2026-09-15 09:55:25.533] [debug] [:] [WS Recv] {"type":"context_ping"}
[2026-09-15 09:55:26.252] [debug] [:] [WS Recv] {"type":"context_ping"}
[2026-09-15 09:55:26.337] [debug] [:] [WS Recv] {"type":"context_ping"}
[2026-09-15 09:55:28.784] [debug] [:] [WS Recv] {"type":"context_ping"}
[2026-09-15 09:55:29.264] [debug] [:] [WS Recv] {"type":"context_ping"}
[2026-09-15 09:55:29.583] [debug] [:] [WS Recv] {"type":"context_ping"}
[2026-09-15 09:55:32.031] [debug] [:] [WS Recv] {"type":"context_ping"}
[2026-09-15 09:55:32.501] [debug] [:] [WS Recv] {"type":"context_ping"}
[2026-09-15 09:55:32.836] [debug] [:] [WS Recv] {"type":"context_ping"}
[2026-09-15 09:55:35.032] [debug] [:] [WS Recv] {"type":"context_ping"}
[2026-09-15 09:55:35.752] [debug] [:] [WS Recv] {"type":"context_ping"}
[2026-09-15 09:55:36.086] [debug] [:] [WS Recv] {"type":"context_ping"}
[2026-09-15 09:55:38.032] [debug] [:] [WS Recv] {"type":"context_ping"}
[2026-09-15 09:55:39.002] [debug] [:] [WS Recv] {"type":"context_ping"}
[2026-09-15 09:55:39.334] [debug] [:] [WS Recv] {"type":"context_ping"}
[2026-09-15 09:55:41.282] [debug] [:] [WS Recv] {"type":"context_ping"}
[2026-09-15 09:55:42.002] [debug] [:] [WS Recv] {"type":"context_ping"}
[2026-09-15 09:55:42.336] [debug] [:] [WS Recv] {"type":"context_ping"}
[2026-09-15 09:55:44.282] [debug] [:] [WS Recv] {"type":"context_ping"}
[2026-09-15 09:55:45.252] [debug] [:] [WS Recv] {"type":"context_ping"}
[2026-09-15 09:55:45.584] [debug] [:] [WS Recv] {"type":"context_ping"}
[2026-09-15 09:55:47.532] [debug] [:] [WS Recv] {"type":"context_ping"}
[2026-09-15 09:55:48.502] [debug] [:] [WS Recv] {"type":"context_ping"}
[2026-09-15 09:55:48.586] [debug] [:] [WS Recv] {"type":"context_ping"}
[2026-09-15 09:55:50.782] [debug] [:] [WS Recv] {"type":"context_ping"}
[2026-09-15 09:55:51.503] [debug] [:] [WS Recv] {"type":"context_ping"}
[2026-09-15 09:55:51.837] [debug] [:] [WS Recv] {"type":"context_ping"}
[2026-09-15 09:55:53.782] [debug] [:] [WS Recv] {"type":"context_ping"}
[2026-09-15 09:55:54.752] [debug] [:] [WS Recv] {"type":"context_ping"}
[2026-09-15 09:55:55.086] [debug] [:] [WS Recv] {"type":"context_ping"}
[2026-09-15 09:55:56.783] [debug] [:] [WS Recv] {"type":"context_ping"}
[2026-09-15 09:55:58.002] [debug] [:] [WS Recv] {"type":"context_ping"}
[2026-09-15 09:55:58.334] [debug] [:] [WS Recv] {"type":"context_ping"}
[2026-09-15 09:56:00.034] [debug] [:] [WS Recv] {"type":"context_ping"}
[2026-09-15 09:56:01.002] [debug] [:] [WS Recv] {"type":"context_ping"}
[2026-09-15 09:56:01.335] [debug] [:] [WS Recv] {"type":"context_ping"}
[2026-09-15 09:56:03.035] [debug] [:] [WS Recv] {"type":"context_ping"}
[2026-09-15 09:56:04.261] [debug] [:] [WS Recv] {"type":"context_ping"}
[2026-09-15 09:56:04.588] [debug] [:] [WS Recv] {"type":"context_ping"}
[2026-09-15 09:56:06.283] [debug] [:] [WS Recv] {"type":"context_ping"}
[2026-09-15 09:56:07.503] [debug] [:] [WS Recv] {"type":"context_ping"}
[2026-09-15 09:56:07.588] [debug] [:] [WS Recv] {"type":"context_ping"}
[2026-09-15 09:56:09.532] [debug] [:] [WS Recv] {"type":"context_ping"}
[2026-09-15 09:56:10.504] [debug] [:] [WS Recv] {"type":"context_ping"}
[2026-09-15 09:56:10.837] [debug] [:] [WS Recv] {"type":"context_ping"}
[2026-09-15 09:56:12.533] [debug] [:] [WS Recv] {"type":"context_ping"}
[2026-09-15 09:56:13.754] [debug] [:] [WS Recv] {"type":"context_ping"}
[2026-09-15 09:56:13.837] [debug] [:] [WS Recv] {"type":"context_ping"}
[2026-09-15 09:56:15.533] [debug] [:] [WS Recv] {"type":"context_ping"}
[2026-09-15 09:56:16.837] [debug] [:] [WS Recv] {"type":"context_ping"}
[2026-09-15 09:56:17.003] [debug] [:] [WS Recv] {"type":"context_ping"}
[2026-09-15 09:56:18.782] [debug] [:] [WS Recv] {"type":"context_ping"}
[2026-09-15 09:56:19.838] [debug] [:] [WS Recv] {"type":"context_ping"}
[2026-09-15 09:56:20.253] [debug] [:] [WS Recv] {"type":"context_ping"}
[2026-09-15 09:56:21.784] [debug] [:] [WS Recv] {"type":"context_ping"}
[2026-09-15 09:56:23.086] [debug] [:] [WS Recv] {"type":"context_ping"}
[2026-09-15 09:56:23.254] [debug] [:] [WS Recv] {"type":"context_ping"}
[2026-09-15 09:56:25.034] [debug] [:] [WS Recv] {"type":"context_ping"}
[2026-09-15 09:56:26.093] [debug] [:] [WS Recv] {"type":"context_ping"}
[2026-09-15 09:56:26.261] [debug] [:] [WS Recv] {"type":"context_ping"}
[2026-09-15 09:56:28.283] [debug] [:] [WS Recv] {"type":"context_ping"}
[2026-09-15 09:56:29.276] [debug] [:] [WS Recv] {"type":"context_ping"}
[2026-09-15 09:56:29.339] [debug] [:] [WS Recv] {"type":"context_ping"}
[2026-09-15 09:56:31.283] [debug] [:] [WS Recv] {"type":"context_ping"}
[2026-09-15 09:56:32.342] [debug] [:] [WS Recv] {"type":"context_ping"}
[2026-09-15 09:56:32.512] [debug] [:] [WS Recv] {"type":"context_ping"}
[2026-09-15 09:56:34.285] [debug] [:] [WS Recv] {"type":"context_ping"}
[2026-09-15 09:56:35.513] [debug] [:] [WS Recv] {"type":"context_ping"}
[2026-09-15 09:56:35.591] [debug] [:] [WS Recv] {"type":"context_ping"}
[2026-09-15 09:56:37.533] [debug] [:] [WS Recv] {"type":"context_ping"}
[2026-09-15 09:56:38.592] [debug] [:] [WS Recv] {"type":"context_ping"}
[2026-09-15 09:56:38.762] [debug] [:] [WS Recv] {"type":"context_ping"}
[2026-09-15 09:56:40.533] [debug] [:] [WS Recv] {"type":"context_ping"}
[2026-09-15 09:56:41.763] [debug] [:] [WS Recv] {"type":"context_ping"}
[2026-09-15 09:56:41.842] [debug] [:] [WS Recv] {"type":"context_ping"}
[2026-09-15 09:56:43.535] [debug] [:] [WS Recv] {"type":"context_ping"}
[2026-09-15 09:56:44.844] [debug] [:] [WS Recv] {"type":"context_ping"}
[2026-09-15 09:56:45.013] [debug] [:] [WS Recv] {"type":"context_ping"}
[2026-09-15 09:56:46.782] [debug] [:] [WS Recv] {"type":"context_ping"}
[2026-09-15 09:56:48.092] [debug] [:] [WS Recv] {"type":"context_ping"}
[2026-09-15 09:56:48.262] [debug] [:] [WS Recv] {"type":"context_ping"}
[2026-09-15 09:56:49.783] [debug] [:] [WS Recv] {"type":"context_ping"}
[2026-09-15 09:56:51.095] [debug] [:] [WS Recv] {"type":"context_ping"}
[2026-09-15 09:56:51.512] [debug] [:] [WS Recv] {"type":"context_ping"}
[2026-09-15 09:56:53.032] [debug] [:] [WS Recv] {"type":"context_ping"}
[2026-09-15 09:56:54.346] [debug] [:] [WS Recv] {"type":"context_ping"}
[2026-09-15 09:56:54.762] [debug] [:] [WS Recv] {"type":"context_ping"}
[2026-09-15 09:56:56.032] [debug] [:] [WS Recv] {"type":"context_ping"}
[2026-09-15 09:56:57.595] [debug] [:] [WS Recv] {"type":"context_ping"}
[2026-09-15 09:56:57.762] [debug] [:] [WS Recv] {"type":"context_ping"}
[2026-09-15 09:56:59.033] [debug] [:] [WS Recv] {"type":"context_ping"}
[2026-09-15 09:57:00.842] [debug] [:] [WS Recv] {"type":"context_ping"}
[2026-09-15 09:57:01.014] [debug] [:] [WS Recv] {"type":"context_ping"}
[2026-09-15 09:57:02.033] [debug] [:] [WS Recv] {"type":"context_ping"}
[2026-09-15 09:57:03.844] [debug] [:] [WS Recv] {"type":"context_ping"}
[2026-09-15 09:57:04.276] [debug] [:] [WS Recv] {"type":"context_ping"}
[2026-09-15 09:57:05.035] [debug] [:] [WS Recv] {"type":"context_ping"}
[2026-09-15 09:57:07.094] [debug] [:] [WS Recv] {"type":"context_ping"}
[2026-09-15 09:57:07.512] [debug] [:] [WS Recv] {"type":"context_ping"}
[2026-09-15 09:57:08.036] [debug] [:] [WS Recv] {"type":"context_ping"}
[2026-09-15 09:57:10.343] [debug] [:] [WS Recv] {"type":"context_ping"}
[2026-09-15 09:57:10.514] [debug] [:] [WS Recv] {"type":"context_ping"}
[2026-09-15 09:57:11.282] [debug] [:] [WS Recv] {"type":"context_ping"}
[2026-09-15 09:57:13.344] [debug] [:] [WS Recv] {"type":"context_ping"}
[2026-09-15 09:57:13.762] [debug] [:] [WS Recv] {"type":"context_ping"}
[2026-09-15 09:57:14.283] [debug] [:] [WS Recv] {"type":"context_ping"}
[2026-09-15 09:57:16.593] [debug] [:] [WS Recv] {"type":"context_ping"}
[2026-09-15 09:57:16.762] [debug] [:] [WS Recv] {"type":"context_ping"}
[2026-09-15 09:57:17.283] [debug] [:] [WS Recv] {"type":"context_ping"}
[2026-09-15 09:57:19.763] [debug] [:] [WS Recv] {"type":"context_ping"}
[2026-09-15 09:57:19.844] [debug] [:] [WS Recv] {"type":"context_ping"}
[2026-09-15 09:57:20.283] [debug] [:] [WS Recv] {"type":"context_ping"}
[2026-09-15 09:57:22.763] [debug] [:] [WS Recv] {"type":"context_ping"}
[2026-09-15 09:57:23.096] [debug] [:] [WS Recv] {"type":"context_ping"}
[2026-09-15 09:57:23.284] [debug] [:] [WS Recv] {"type":"context_ping"}
[2026-09-15 09:57:25.764] [debug] [:] [WS Recv] {"type":"context_ping"}
[2026-09-15 09:57:26.099] [debug] [:] [WS Recv] {"type":"context_ping"}
[2026-09-15 09:57:26.534] [debug] [:] [WS Recv] {"type":"context_ping"}
[2026-09-15 09:57:28.764] [debug] [:] [WS Recv] {"type":"context_ping"}
[2026-09-15 09:57:29.100] [debug] [:] [WS Recv] {"type":"context_ping"}
[2026-09-15 09:57:29.536] [debug] [:] [WS Recv] {"type":"context_ping"}
[2026-09-15 09:57:32.016] [debug] [:] [WS Recv] {"type":"context_ping"}
[2026-09-15 09:57:32.101] [debug] [:] [WS Recv] {"type":"context_ping"}
[2026-09-15 09:57:32.787] [debug] [:] [WS Recv] {"type":"context_ping"}
[2026-09-15 09:57:35.017] [debug] [:] [WS Recv] {"type":"context_ping"}
[2026-09-15 09:57:35.349] [debug] [:] [WS Recv] {"type":"context_ping"}
[2026-09-15 09:57:36.036] [debug] [:] [WS Recv] {"type":"context_ping"}
[2026-09-15 09:57:38.267] [debug] [:] [WS Recv] {"type":"context_ping"}
[2026-09-15 09:57:38.351] [debug] [:] [WS Recv] {"type":"context_ping"}
[2026-09-15 09:57:39.284] [debug] [:] [WS Recv] {"type":"context_ping"}
[2026-09-15 09:57:41.517] [debug] [:] [WS Recv] {"type":"context_ping"}
[2026-09-15 09:57:41.601] [debug] [:] [WS Recv] {"type":"context_ping"}
[2026-09-15 09:57:42.285] [debug] [:] [WS Recv] {"type":"context_ping"}
[2026-09-15 09:57:44.766] [debug] [:] [WS Recv] {"type":"context_ping"}
[2026-09-15 09:57:44.850] [debug] [:] [WS Recv] {"type":"context_ping"}
[2026-09-15 09:57:45.536] [debug] [:] [WS Recv] {"type":"context_ping"}
[2026-09-15 09:57:47.766] [debug] [:] [WS Recv] {"type":"context_ping"}
[2026-09-15 09:57:47.851] [debug] [:] [WS Recv] {"type":"context_ping"}
[2026-09-15 09:57:48.786] [debug] [:] [WS Recv] {"type":"context_ping"}
[2026-09-15 09:57:50.852] [debug] [:] [WS Recv] {"type":"context_ping"}
[2026-09-15 09:57:51.016] [debug] [:] [WS Recv] {"type":"context_ping"}
[2026-09-15 09:57:52.035] [debug] [:] [WS Recv] {"type":"context_ping"}
[2026-09-15 09:57:54.102] [debug] [:] [WS Recv] {"type":"context_ping"}
[2026-09-15 09:57:54.274] [debug] [:] [WS Recv] {"type":"context_ping"}
[2026-09-15 09:57:55.036] [debug] [:] [WS Recv] {"type":"context_ping"}
[2026-09-15 09:57:57.352] [debug] [:] [WS Recv] {"type":"context_ping"}
[2026-09-15 09:57:57.517] [debug] [:] [WS Recv] {"type":"context_ping"}
[2026-09-15 09:57:58.285] [debug] [:] [WS Recv] {"type":"context_ping"}
[2026-09-15 09:58:00.353] [debug] [:] [WS Recv] {"type":"context_ping"}
[2026-09-15 09:58:00.765] [debug] [:] [WS Recv] {"type":"context_ping"}
[2026-09-15 09:58:01.537] [debug] [:] [WS Recv] {"type":"context_ping"}
[2026-09-15 09:58:03.353] [debug] [:] [WS Recv] {"type":"context_ping"}
[2026-09-15 09:58:03.766] [debug] [:] [WS Recv] {"type":"context_ping"}
[2026-09-15 09:58:04.787] [debug] [:] [WS Recv] {"type":"context_ping"}
[2026-09-15 09:58:06.602] [debug] [:] [WS Recv] {"type":"context_ping"}
[2026-09-15 09:58:07.015] [debug] [:] [WS Recv] {"type":"context_ping"}
[2026-09-15 09:58:08.034] [debug] [:] [WS Recv] {"type":"context_ping"}
[2026-09-15 09:58:09.602] [debug] [:] [WS Recv] {"type":"context_ping"}
[2026-09-15 09:58:10.016] [debug] [:] [WS Recv] {"type":"context_ping"}
[2026-09-15 09:58:11.035] [debug] [:] [WS Recv] {"type":"context_ping"}
[2026-09-15 09:58:12.852] [debug] [:] [WS Recv] {"type":"context_ping"}
[2026-09-15 09:58:13.017] [debug] [:] [WS Recv] {"type":"context_ping"}
[2026-09-15 09:58:14.284] [debug] [:] [WS Recv] {"type":"context_ping"}
[2026-09-15 09:58:15.853] [debug] [:] [WS Recv] {"type":"context_ping"}
[2026-09-15 09:58:16.266] [debug] [:] [WS Recv] {"type":"context_ping"}
[2026-09-15 09:58:17.286] [debug] [:] [WS Recv] {"type":"context_ping"}
[2026-09-15 09:58:19.102] [debug] [:] [WS Recv] {"type":"context_ping"}
[2026-09-15 09:58:19.275] [debug] [:] [WS Recv] {"type":"context_ping"}
[2026-09-15 09:58:20.535] [debug] [:] [WS Recv] {"type":"context_ping"}
[2026-09-15 09:58:22.352] [debug] [:] [WS Recv] {"type":"context_ping"}
[2026-09-15 09:58:22.518] [debug] [:] [WS Recv] {"type":"context_ping"}
[2026-09-15 09:58:23.783] [debug] [:] [WS Recv] {"type":"context_ping"}
[2026-09-15 09:58:25.353] [debug] [:] [WS Recv] {"type":"context_ping"}
[2026-09-15 09:58:25.518] [debug] [:] [WS Recv] {"type":"context_ping"}
[2026-09-15 09:58:26.785] [debug] [:] [WS Recv] {"type":"context_ping"}
[2026-09-15 09:58:28.358] [debug] [:] [WS Recv] {"type":"context_ping"}
[2026-09-15 09:58:28.524] [debug] [:] [WS Recv] {"type":"context_ping"}
[2026-09-15 09:58:29.786] [debug] [:] [WS Recv] {"type":"context_ping"}
[2026-09-15 09:58:31.525] [debug] [:] [WS Recv] {"type":"context_ping"}
[2026-09-15 09:58:31.610] [debug] [:] [WS Recv] {"type":"context_ping"}
[2026-09-15 09:58:33.035] [debug] [:] [WS Recv] {"type":"context_ping"}
[2026-09-15 09:58:34.525] [debug] [:] [WS Recv] {"type":"context_ping"}
[2026-09-15 09:58:34.610] [debug] [:] [WS Recv] {"type":"context_ping"}
[2026-09-15 09:58:36.036] [debug] [:] [WS Recv] {"type":"context_ping"}
[2026-09-15 09:58:37.527] [debug] [:] [WS Recv] {"type":"context_ping"}
[2026-09-15 09:58:37.859] [debug] [:] [WS Recv] {"type":"context_ping"}
[2026-09-15 09:58:39.037] [debug] [:] [WS Recv] {"type":"context_ping"}
[2026-09-15 09:58:40.776] [debug] [:] [WS Recv] {"type":"context_ping"}
[2026-09-15 09:58:40.860] [debug] [:] [WS Recv] {"type":"context_ping"}
[2026-09-15 09:58:42.285] [debug] [:] [WS Recv] {"type":"context_ping"}
[2026-09-15 09:58:43.863] [debug] [:] [WS Recv] {"type":"context_ping"}
[2026-09-15 09:58:44.026] [debug] [:] [WS Recv] {"type":"context_ping"}
[2026-09-15 09:58:45.286] [debug] [:] [WS Recv] {"type":"context_ping"}
[2026-09-15 09:58:47.110] [debug] [:] [WS Recv] {"type":"context_ping"}
[2026-09-15 09:58:47.275] [debug] [:] [WS Recv] {"type":"context_ping"}
[2026-09-15 09:58:48.535] [debug] [:] [WS Recv] {"type":"context_ping"}
[2026-09-15 09:58:50.110] [debug] [:] [WS Recv] {"type":"context_ping"}
[2026-09-15 09:58:50.276] [debug] [:] [WS Recv] {"type":"context_ping"}
[2026-09-15 09:58:51.536] [debug] [:] [WS Recv] {"type":"context_ping"}
[2026-09-15 09:58:53.265] [debug] [:] [WS Recv] {"type":"context_ping"}
[2026-09-15 09:58:53.308] [debug] [:] [WS Recv] {"type":"context_ping"}
[2026-09-15 09:58:54.780] [debug] [:] [WS Recv] {"type":"context_ping"}
[2026-09-15 09:58:56.265] [debug] [:] [WS Recv] {"type":"context_ping"}
[2026-09-15 09:58:56.558] [debug] [:] [WS Recv] {"type":"context_ping"}
[2026-09-15 09:58:58.027] [debug] [:] [WS Recv] {"type":"context_ping"}
[2026-09-15 09:58:59.267] [debug] [:] [WS Recv] {"type":"context_ping"}
[2026-09-15 09:58:59.559] [debug] [:] [WS Recv] {"type":"context_ping"}
[2026-09-15 09:59:01.279] [debug] [:] [WS Recv] {"type":"context_ping"}
[2026-09-15 09:59:02.518] [debug] [:] [WS Recv] {"type":"context_ping"}
[2026-09-15 09:59:02.807] [debug] [:] [WS Recv] {"type":"context_ping"}
[2026-09-15 09:59:04.280] [debug] [:] [WS Recv] {"type":"context_ping"}
[2026-09-15 09:59:05.518] [debug] [:] [WS Recv] {"type":"context_ping"}
[2026-09-15 09:59:06.057] [debug] [:] [WS Recv] {"type":"context_ping"}
[2026-09-15 09:59:07.282] [debug] [:] [WS Recv] {"type":"context_ping"}
[2026-09-15 09:59:08.519] [debug] [:] [WS Recv] {"type":"context_ping"}
[2026-09-15 09:59:09.057] [debug] [:] [WS Recv] {"type":"context_ping"}
[2026-09-15 09:59:10.529] [debug] [:] [WS Recv] {"type":"context_ping"}
[2026-09-15 09:59:11.768] [debug] [:] [WS Recv] {"type":"context_ping"}
[2026-09-15 09:59:12.309] [debug] [:] [WS Recv] {"type":"context_ping"}
[2026-09-15 09:59:13.529] [debug] [:] [WS Recv] {"type":"context_ping"}
[2026-09-15 09:59:15.017] [debug] [:] [WS Recv] {"type":"context_ping"}
[2026-09-15 09:59:15.558] [debug] [:] [WS Recv] {"type":"context_ping"}
[2026-09-15 09:59:16.529] [debug] [:] [WS Recv] {"type":"context_ping"}
[2026-09-15 09:59:18.018] [debug] [:] [WS Recv] {"type":"context_ping"}
[2026-09-15 09:59:18.807] [debug] [:] [WS Recv] {"type":"context_ping"}
[2026-09-15 09:59:19.778] [debug] [:] [WS Recv] {"type":"context_ping"}
[2026-09-15 09:59:21.271] [debug] [:] [WS Recv] {"type":"context_ping"}
[2026-09-15 09:59:22.058] [debug] [:] [WS Recv] {"type":"context_ping"}
[2026-09-15 09:59:22.779] [debug] [:] [WS Recv] {"type":"context_ping"}
[2026-09-15 09:59:24.272] [debug] [:] [WS Recv] {"type":"context_ping"}
[2026-09-15 09:59:25.307] [debug] [:] [WS Recv] {"type":"context_ping"}
[2026-09-15 09:59:25.779] [debug] [:] [WS Recv] {"type":"context_ping"}
[2026-09-15 09:59:27.272] [debug] [:] [WS Recv] {"type":"context_ping"}
[2026-09-15 09:59:28.308] [debug] [:] [WS Recv] {"type":"context_ping"}
[2026-09-15 09:59:28.783] [debug] [:] [WS Recv] {"type":"context_ping"}
[2026-09-15 09:59:30.521] [debug] [:] [WS Recv] {"type":"context_ping"}
[2026-09-15 09:59:31.557] [debug] [:] [WS Recv] {"type":"context_ping"}
[2026-09-15 09:59:32.121] [debug] [:] [WS Recv] {"type":"context_ping"}
[2026-09-15 09:59:33.672] [debug] [:] [WS Recv] {"type":"context_ping"}
[2026-09-15 09:59:34.712] [debug] [:] [WS Recv] {"type":"context_ping"}
[2026-09-15 09:59:35.192] [debug] [:] [WS Recv] {"type":"context_ping"}
[2026-09-15 09:59:36.914] [debug] [:] [WS Recv] {"type":"context_ping"}
[2026-09-15 09:59:37.713] [debug] [:] [WS Recv] {"type":"context_ping"}
[2026-09-15 09:59:38.438] [debug] [:] [WS Recv] {"type":"context_ping"}
[2026-09-15 09:59:39.915] [debug] [:] [WS Recv] {"type":"context_ping"}
[2026-09-15 09:59:40.962] [debug] [:] [WS Recv] {"type":"context_ping"}
[2026-09-15 09:59:41.723] [debug] [:] [WS Recv] {"type":"context_ping"}
[2026-09-15 09:59:43.163] [debug] [:] [WS Recv] {"type":"context_ping"}
[2026-09-15 09:59:43.965] [debug] [:] [WS Recv] {"type":"context_ping"}
[2026-09-15 09:59:44.936] [debug] [:] [WS Recv] {"type":"context_ping"}
[2026-09-15 09:59:46.164] [debug] [:] [WS Recv] {"type":"context_ping"}
[2026-09-15 09:59:47.212] [debug] [:] [WS Recv] {"type":"context_ping"}
[2026-09-15 09:59:48.118] [debug] [:] [WS Recv] {"type":"context_ping"}
[2026-09-15 09:59:49.164] [debug] [:] [WS Recv] {"type":"context_ping"}
[2026-09-15 09:59:50.214] [debug] [:] [WS Recv] {"type":"context_ping"}
[2026-09-15 09:59:51.352] [debug] [:] [WS Recv] {"type":"context_ping"}
[2026-09-15 09:59:52.415] [debug] [:] [WS Recv] {"type":"context_ping"}
[2026-09-15 09:59:53.462] [debug] [:] [WS Recv] {"type":"context_ping"}
[2026-09-15 09:59:54.595] [debug] [:] [WS Recv] {"type":"context_ping"}
[2026-09-15 09:59:55.417] [debug] [:] [WS Recv] {"type":"context_ping"}
[2026-09-15 09:59:56.462] [debug] [:] [WS Recv] {"type":"context_ping"}
[2026-09-15 09:59:57.803] [debug] [:] [WS Recv] {"type":"context_ping"}
[2026-09-15 09:59:58.664] [debug] [:] [WS Recv] {"type":"context_ping"}
[2026-09-15 09:59:59.462] [debug] [:] [WS Recv] {"type":"context_ping"}
[2026-09-15 10:00:00.972] [debug] [:] [WS Recv] {"type":"context_ping"}
[2026-09-15 10:00:02.037] [debug] [:] [WS Recv] {"type":"context_ping"}
[2026-09-15 10:00:02.803] [debug] [:] [WS Recv] {"type":"context_ping"}
[2026-09-15 10:00:04.225] [debug] [:] [WS Recv] {"type":"context_ping"}
[2026-09-15 10:00:05.535] [debug] [:] [WS Recv] {"type":"context_ping"}
[2026-09-15 10:00:06.317] [debug] [:] [WS Recv] {"type":"context_ping"}
[2026-09-15 10:00:07.514] [debug] [:] [WS Recv] {"type":"context_ping"}
[2026-09-15 10:00:09.367] [debug] [:] [WS Recv] {"type":"context_ping"}
[2026-09-15 10:00:09.773] [debug] [:] [WS Recv] {"type":"context_ping"}
[2026-09-15 10:00:10.763] [debug] [:] [WS Recv] {"type":"context_ping"}
[2026-09-15 10:00:12.405] [debug] [:] [WS Recv] {"type":"context_ping"}
[2026-09-15 10:00:12.781] [debug] [:] [WS Recv] {"type":"context_ping"}
[2026-09-15 10:00:13.809] [debug] [:] [WS Recv] {"type":"context_ping"}
[2026-09-15 10:00:15.407] [debug] [:] [WS Recv] {"type":"context_ping"}
[2026-09-15 10:00:15.782] [debug] [:] [WS Recv] {"type":"context_ping"}
[2026-09-15 10:00:16.810] [debug] [:] [WS Recv] {"type":"context_ping"}
[2026-09-15 10:00:18.654] [debug] [:] [WS Recv] {"type":"context_ping"}
[2026-09-15 10:00:18.783] [debug] [:] [WS Recv] {"type":"context_ping"}
[2026-09-15 10:00:19.811] [debug] [:] [WS Recv] {"type":"context_ping"}
[2026-09-15 10:00:21.657] [debug] [:] [WS Recv] {"type":"context_ping"}
[2026-09-15 10:00:22.032] [debug] [:] [WS Recv] {"type":"context_ping"}
[2026-09-15 10:00:23.061] [debug] [:] [WS Recv] {"type":"context_ping"}
[2026-09-15 10:00:24.904] [debug] [:] [WS Recv] {"type":"context_ping"}
[2026-09-15 10:00:25.039] [debug] [:] [WS Recv] {"type":"context_ping"}
[2026-09-15 10:00:26.062] [debug] [:] [WS Recv] {"type":"context_ping"}
[2026-09-15 10:00:28.154] [debug] [:] [WS Recv] {"type":"context_ping"}
[2026-09-15 10:00:28.281] [debug] [:] [WS Recv] {"type":"context_ping"}
[2026-09-15 10:00:29.063] [debug] [:] [WS Recv] {"type":"context_ping"}
[2026-09-15 10:00:31.155] [debug] [:] [WS Recv] {"type":"context_ping"}
[2026-09-15 10:00:31.286] [debug] [:] [WS Recv] {"type":"context_ping"}
[2026-09-15 10:00:32.317] [debug] [:] [WS Recv] {"type":"context_ping"}
[2026-09-15 10:00:34.156] [debug] [:] [WS Recv] {"type":"context_ping"}
[2026-09-15 10:00:34.286] [debug] [:] [WS Recv] {"type":"context_ping"}
[2026-09-15 10:00:35.562] [debug] [:] [WS Recv] {"type":"context_ping"}
[2026-09-15 10:00:37.157] [debug] [:] [WS Recv] {"type":"context_ping"}
[2026-09-15 10:00:37.537] [debug] [:] [WS Recv] {"type":"context_ping"}
[2026-09-15 10:00:38.564] [debug] [:] [WS Recv] {"type":"context_ping"}
[2026-09-15 10:00:40.406] [debug] [:] [WS Recv] {"type":"context_ping"}
[2026-09-15 10:00:40.786] [debug] [:] [WS Recv] {"type":"context_ping"}
[2026-09-15 10:00:41.813] [debug] [:] [WS Recv] {"type":"context_ping"}
[2026-09-15 10:00:43.656] [debug] [:] [WS Recv] {"type":"context_ping"}
[2026-09-15 10:00:44.036] [debug] [:] [WS Recv] {"type":"context_ping"}
[2026-09-15 10:00:44.814] [debug] [:] [WS Recv] {"type":"context_ping"}
[2026-09-15 10:00:46.657] [debug] [:] [WS Recv] {"type":"context_ping"}
[2026-09-15 10:00:47.036] [debug] [:] [WS Recv] {"type":"context_ping"}
[2026-09-15 10:00:47.815] [debug] [:] [WS Recv] {"type":"context_ping"}
[2026-09-15 10:00:49.908] [debug] [:] [WS Recv] {"type":"context_ping"}
[2026-09-15 10:00:50.047] [debug] [:] [WS Recv] {"type":"context_ping"}
[2026-09-15 10:00:51.066] [debug] [:] [WS Recv] {"type":"context_ping"}
[2026-09-15 10:00:53.158] [debug] [:] [WS Recv] {"type":"context_ping"}
[2026-09-15 10:00:53.288] [debug] [:] [WS Recv] {"type":"context_ping"}
[2026-09-15 10:00:54.319] [debug] [:] [WS Recv] {"type":"context_ping"}
[2026-09-15 10:00:56.406] [debug] [:] [WS Recv] {"type":"context_ping"}
[2026-09-15 10:00:56.536] [debug] [:] [WS Recv] {"type":"context_ping"}
[2026-09-15 10:00:57.567] [debug] [:] [WS Recv] {"type":"context_ping"}
[2026-09-15 10:00:59.409] [debug] [:] [WS Recv] {"type":"context_ping"}
[2026-09-15 10:00:59.786] [debug] [:] [WS Recv] {"type":"context_ping"}
[2026-09-15 10:01:00.571] [debug] [:] [WS Recv] {"type":"context_ping"}
[2026-09-15 10:01:02.656] [debug] [:] [WS Recv] {"type":"context_ping"}
[2026-09-15 10:01:03.036] [debug] [:] [WS Recv] {"type":"context_ping"}
[2026-09-15 10:01:03.817] [debug] [:] [WS Recv] {"type":"context_ping"}
[2026-09-15 10:01:05.906] [debug] [:] [WS Recv] {"type":"context_ping"}
[2026-09-15 10:01:06.285] [debug] [:] [WS Recv] {"type":"context_ping"}
[2026-09-15 10:01:06.817] [debug] [:] [WS Recv] {"type":"context_ping"}
[2026-09-15 10:01:09.157] [debug] [:] [WS Recv] {"type":"context_ping"}
[2026-09-15 10:01:09.285] [debug] [:] [WS Recv] {"type":"context_ping"}
[2026-09-15 10:01:10.065] [debug] [:] [WS Recv] {"type":"context_ping"}
[2026-09-15 10:01:12.158] [debug] [:] [WS Recv] {"type":"context_ping"}
[2026-09-15 10:01:12.286] [debug] [:] [WS Recv] {"type":"context_ping"}
[2026-09-15 10:01:13.067] [debug] [:] [WS Recv] {"type":"context_ping"}
[2026-09-15 10:01:15.408] [debug] [:] [WS Recv] {"type":"context_ping"}
[2026-09-15 10:01:15.536] [debug] [:] [WS Recv] {"type":"context_ping"}
[2026-09-15 10:01:16.067] [debug] [:] [WS Recv] {"type":"context_ping"}
[2026-09-15 10:01:18.536] [debug] [:] [WS Recv] {"type":"context_ping"}
[2026-09-15 10:01:18.656] [debug] [:] [WS Recv] {"type":"context_ping"}
[2026-09-15 10:01:19.067] [debug] [:] [WS Recv] {"type":"context_ping"}
[2026-09-15 10:01:21.537] [debug] [:] [WS Recv] {"type":"context_ping"}
[2026-09-15 10:01:21.659] [debug] [:] [WS Recv] {"type":"context_ping"}
[2026-09-15 10:01:22.070] [debug] [:] [WS Recv] {"type":"context_ping"}
[2026-09-15 10:01:24.659] [debug] [:] [WS Recv] {"type":"context_ping"}
[2026-09-15 10:01:24.788] [debug] [:] [WS Recv] {"type":"context_ping"}
[2026-09-15 10:01:25.320] [debug] [:] [WS Recv] {"type":"context_ping"}
[2026-09-15 10:01:27.906] [debug] [:] [WS Recv] {"type":"context_ping"}
[2026-09-15 10:01:28.037] [debug] [:] [WS Recv] {"type":"context_ping"}
[2026-09-15 10:01:28.570] [debug] [:] [WS Recv] {"type":"context_ping"}
[2026-09-15 10:01:30.907] [debug] [:] [WS Recv] {"type":"context_ping"}
[2026-09-15 10:01:31.041] [debug] [:] [WS Recv] {"type":"context_ping"}
[2026-09-15 10:01:31.820] [debug] [:] [WS Recv] {"type":"context_ping"}
[2026-09-15 10:01:34.159] [debug] [:] [WS Recv] {"type":"context_ping"}
[2026-09-15 10:01:34.288] [debug] [:] [WS Recv] {"type":"context_ping"}
[2026-09-15 10:01:34.821] [debug] [:] [WS Recv] {"type":"context_ping"}
[2026-09-15 10:01:37.406] [debug] [:] [WS Recv] {"type":"context_ping"}
[2026-09-15 10:01:37.537] [debug] [:] [WS Recv] {"type":"context_ping"}
[2026-09-15 10:01:38.070] [debug] [:] [WS Recv] {"type":"context_ping"}
[2026-09-15 10:01:40.406] [debug] [:] [WS Recv] {"type":"context_ping"}
[2026-09-15 10:01:40.787] [debug] [:] [WS Recv] {"type":"context_ping"}
[2026-09-15 10:01:41.071] [debug] [:] [WS Recv] {"type":"context_ping"}
[2026-09-15 10:01:43.410] [debug] [:] [WS Recv] {"type":"context_ping"}
[2026-09-15 10:01:43.788] [debug] [:] [WS Recv] {"type":"context_ping"}
[2026-09-15 10:01:44.071] [debug] [:] [WS Recv] {"type":"context_ping"}
[2026-09-15 10:01:46.658] [debug] [:] [WS Recv] {"type":"context_ping"}
[2026-09-15 10:01:47.039] [debug] [:] [WS Recv] {"type":"context_ping"}
[2026-09-15 10:01:47.072] [debug] [:] [WS Recv] {"type":"context_ping"}
[2026-09-15 10:01:49.908] [debug] [:] [WS Recv] {"type":"context_ping"}
[2026-09-15 10:01:50.049] [debug] [:] [WS Recv] {"type":"context_ping"}
[2026-09-15 10:01:50.321] [debug] [:] [WS Recv] {"type":"context_ping"}
[2026-09-15 10:01:53.156] [debug] [:] [WS Recv] {"type":"context_ping"}
[2026-09-15 10:01:53.287] [debug] [:] [WS Recv] {"type":"context_ping"}
[2026-09-15 10:01:53.575] [debug] [:] [WS Recv] {"type":"context_ping"}
[2026-09-15 10:01:56.157] [debug] [:] [WS Recv] {"type":"context_ping"}
[2026-09-15 10:01:56.288] [debug] [:] [WS Recv] {"type":"context_ping"}
[2026-09-15 10:01:56.821] [debug] [:] [WS Recv] {"type":"context_ping"}
[2026-09-15 10:01:59.293] [debug] [:] [WS Recv] {"type":"context_ping"}
[2026-09-15 10:01:59.407] [debug] [:] [WS Recv] {"type":"context_ping"}
[2026-09-15 10:02:00.073] [debug] [:] [WS Recv] {"type":"context_ping"}
[2026-09-15 10:02:02.407] [debug] [:] [WS Recv] {"type":"context_ping"}
[2026-09-15 10:02:02.537] [debug] [:] [WS Recv] {"type":"context_ping"}
[2026-09-15 10:02:03.321] [debug] [:] [WS Recv] {"type":"context_ping"}
[2026-09-15 10:02:05.409] [debug] [:] [WS Recv] {"type":"context_ping"}
[2026-09-15 10:02:05.537] [debug] [:] [WS Recv] {"type":"context_ping"}
[2026-09-15 10:02:06.322] [debug] [:] [WS Recv] {"type":"context_ping"}
[2026-09-15 10:02:08.538] [debug] [:] [WS Recv] {"type":"context_ping"}
[2026-09-15 10:02:08.658] [debug] [:] [WS Recv] {"type":"context_ping"}
[2026-09-15 10:02:09.323] [debug] [:] [WS Recv] {"type":"context_ping"}
[2026-09-15 10:02:11.541] [debug] [:] [WS Recv] {"type":"context_ping"}
[2026-09-15 10:02:11.659] [debug] [:] [WS Recv] {"type":"context_ping"}
[2026-09-15 10:02:12.572] [debug] [:] [WS Recv] {"type":"context_ping"}
[2026-09-15 10:02:14.788] [debug] [:] [WS Recv] {"type":"context_ping"}
[2026-09-15 10:02:14.906] [debug] [:] [WS Recv] {"type":"context_ping"}
[2026-09-15 10:02:15.573] [debug] [:] [WS Recv] {"type":"context_ping"}
[2026-09-15 10:02:17.789] [debug] [:] [WS Recv] {"type":"context_ping"}
[2026-09-15 10:02:18.157] [debug] [:] [WS Recv] {"type":"context_ping"}
[2026-09-15 10:02:18.822] [debug] [:] [WS Recv] {"type":"context_ping"}
[2026-09-15 10:02:21.039] [debug] [:] [WS Recv] {"type":"context_ping"}
[2026-09-15 10:02:21.159] [debug] [:] [WS Recv] {"type":"context_ping"}
[2026-09-15 10:02:21.822] [debug] [:] [WS Recv] {"type":"context_ping"}
[2026-09-15 10:02:24.288] [debug] [:] [WS Recv] {"type":"context_ping"}
[2026-09-15 10:02:24.407] [debug] [:] [WS Recv] {"type":"context_ping"}
[2026-09-15 10:02:24.824] [debug] [:] [WS Recv] {"type":"context_ping"}
[2026-09-15 10:02:27.289] [debug] [:] [WS Recv] {"type":"context_ping"}
[2026-09-15 10:02:27.658] [debug] [:] [WS Recv] {"type":"context_ping"}
[2026-09-15 10:02:28.072] [debug] [:] [WS Recv] {"type":"context_ping"}
[2026-09-15 10:02:30.539] [debug] [:] [WS Recv] {"type":"context_ping"}
[2026-09-15 10:02:30.907] [debug] [:] [WS Recv] {"type":"context_ping"}
[2026-09-15 10:02:31.073] [debug] [:] [WS Recv] {"type":"context_ping"}
[2026-09-15 10:02:33.540] [debug] [:] [WS Recv] {"type":"context_ping"}
[2026-09-15 10:02:33.908] [debug] [:] [WS Recv] {"type":"context_ping"}
[2026-09-15 10:02:34.322] [debug] [:] [WS Recv] {"type":"context_ping"}
[2026-09-15 10:02:36.541] [debug] [:] [WS Recv] {"type":"context_ping"}
[2026-09-15 10:02:36.908] [debug] [:] [WS Recv] {"type":"context_ping"}
[2026-09-15 10:02:37.572] [debug] [:] [WS Recv] {"type":"context_ping"}
[2026-09-15 10:02:39.789] [debug] [:] [WS Recv] {"type":"context_ping"}
[2026-09-15 10:02:39.909] [debug] [:] [WS Recv] {"type":"context_ping"}
[2026-09-15 10:02:40.573] [debug] [:] [WS Recv] {"type":"context_ping"}
[2026-09-15 10:02:42.789] [debug] [:] [WS Recv] {"type":"context_ping"}
[2026-09-15 10:02:43.158] [debug] [:] [WS Recv] {"type":"context_ping"}
[2026-09-15 10:02:43.573] [debug] [:] [WS Recv] {"type":"context_ping"}
[2026-09-15 10:02:45.791] [debug] [:] [WS Recv] {"type":"context_ping"}
[2026-09-15 10:02:46.158] [debug] [:] [WS Recv] {"type":"context_ping"}
[2026-09-15 10:02:46.573] [debug] [:] [WS Recv] {"type":"context_ping"}
[2026-09-15 10:02:49.039] [debug] [:] [WS Recv] {"type":"context_ping"}
[2026-09-15 10:02:49.410] [debug] [:] [WS Recv] {"type":"context_ping"}
[2026-09-15 10:02:49.574] [debug] [:] [WS Recv] {"type":"context_ping"}
[2026-09-15 10:02:52.039] [debug] [:] [WS Recv] {"type":"context_ping"}
[2026-09-15 10:02:52.659] [debug] [:] [WS Recv] {"type":"context_ping"}
[2026-09-15 10:02:52.822] [debug] [:] [WS Recv] {"type":"context_ping"}
[2026-09-15 10:02:55.050] [debug] [:] [WS Recv] {"type":"context_ping"}
[2026-09-15 10:02:55.822] [debug] [:] [WS Recv] {"type":"context_ping"}
[2026-09-15 10:02:55.908] [debug] [:] [WS Recv] {"type":"context_ping"}
[2026-09-15 10:02:58.293] [debug] [:] [WS Recv] {"type":"context_ping"}
[2026-09-15 10:02:58.823] [debug] [:] [WS Recv] {"type":"context_ping"}
[2026-09-15 10:02:59.157] [debug] [:] [WS Recv] {"type":"context_ping"}
[2026-09-15 10:03:01.540] [debug] [:] [WS Recv] {"type":"context_ping"}
[2026-09-15 10:03:02.072] [debug] [:] [WS Recv] {"type":"context_ping"}
[2026-09-15 10:03:02.407] [debug] [:] [WS Recv] {"type":"context_ping"}
[2026-09-15 10:03:04.541] [debug] [:] [WS Recv] {"type":"context_ping"}
[2026-09-15 10:03:05.073] [debug] [:] [WS Recv] {"type":"context_ping"}
[2026-09-15 10:03:05.407] [debug] [:] [WS Recv] {"type":"context_ping"}
[2026-09-15 10:03:07.541] [debug] [:] [WS Recv] {"type":"context_ping"}
[2026-09-15 10:03:08.325] [debug] [:] [WS Recv] {"type":"context_ping"}
[2026-09-15 10:03:08.659] [debug] [:] [WS Recv] {"type":"context_ping"}
[2026-09-15 10:03:10.791] [debug] [:] [WS Recv] {"type":"context_ping"}
[2026-09-15 10:03:11.574] [debug] [:] [WS Recv] {"type":"context_ping"}
[2026-09-15 10:03:11.907] [debug] [:] [WS Recv] {"type":"context_ping"}
[2026-09-15 10:03:14.041] [debug] [:] [WS Recv] {"type":"context_ping"}
[2026-09-15 10:03:14.825] [debug] [:] [WS Recv] {"type":"context_ping"}
[2026-09-15 10:03:14.908] [debug] [:] [WS Recv] {"type":"context_ping"}
[2026-09-15 10:03:17.043] [debug] [:] [WS Recv] {"type":"context_ping"}
[2026-09-15 10:03:17.908] [debug] [:] [WS Recv] {"type":"context_ping"}
[2026-09-15 10:03:18.073] [debug] [:] [WS Recv] {"type":"context_ping"}
[2026-09-15 10:03:20.048] [debug] [:] [WS Recv] {"type":"context_ping"}
[2026-09-15 10:03:21.073] [debug] [:] [WS Recv] {"type":"context_ping"}
[2026-09-15 10:03:21.158] [debug] [:] [WS Recv] {"type":"context_ping"}
