[2026-09-19 21:47:02.035] [info] Config loaded from 'C:\Users\wy331\Documents\UE5DroneControl-p5-2\Saved\P5.2-protocol-1789825621898558100\backend.yaml': 0 ports, 6 drones max
[2026-09-19 21:47:02.036] [info] Config validation passed (0 ports, 6 max drones)
[2026-09-19 21:47:02.037] [info] [:] Logger initialized. Level=info, File=backend.log
[2026-09-19 21:47:02.037] [info] [:] ============================================
[2026-09-19 21:47:02.037] [info] [:]   Drone Backend v1.0.0
[2026-09-19 21:47:02.037] [info] [:]   HTTP :19680  WS :19681
[2026-09-19 21:47:02.037] [info] [:] ============================================
[2026-09-19 21:47:02.039] [info] [:] [UdpSender] JSON protocol session_id=backend-1789825622037765-d335ad5d
[2026-09-19 21:47:02.039] [info] [:] DroneManager created
[2026-09-19 21:47:02.046] [info] [:] Drone 1 added: slot=1 name=Mock UAV 01
[2026-09-19 21:47:02.046] [info] [:] Drone 2 added: slot=2 name=Mock UAV 02
[2026-09-19 21:47:02.046] [info] [:] Drone 3 added: slot=3 name=Mock UAV 03
[2026-09-19 21:47:02.046] [info] [:] Drone 4 added: slot=4 name=Mock UAV 04
[2026-09-19 21:47:02.046] [info] [:] [Storage] Loaded 4 drones from data/drones.json
[2026-09-19 21:47:02.046] [info] [:] Backend started. Press Ctrl+C to stop.
[DebugCLI] Started. Type 'help' for commands.
[2026-09-19 21:47:02.048] [info] [:] [HTTP] Listening on 0.0.0.0:19680
[2026-09-19 21:47:02.048] [info] [:] [WS] Listening on 0.0.0.0:19681
[2026-09-19 21:47:03.218] [info] [:] [WS] session closed: The WebSocket stream was gracefully closed at both endpoints [boost.beast.websocket:1 at C:/Users/wy331/Documents/UE5DroneControl-p5-1/Backend/build-p5/vcpkg_installed/x64-windows/include\boost/beast/websocket/impl/stream.hpp:377:9 in function 'void __cdecl boost::beast::websocket::stream<class boost::asio::basic_stream_socket<class boost::asio::ip::tcp,class boost::asio::any_io_executor>,1>::do_fail(unsigned short,class boost::system::error_code,class boost::system::error_code &)']
[2026-09-19 21:47:25.650] [info] [:] [WS] session closed: The WebSocket stream was gracefully closed at both endpoints [boost.beast.websocket:1 at C:/Users/wy331/Documents/UE5DroneControl-p5-1/Backend/build-p5/vcpkg_installed/x64-windows/include\boost/beast/websocket/impl/stream.hpp:377:9 in function 'void __cdecl boost::beast::websocket::stream<class boost::asio::basic_stream_socket<class boost::asio::ip::tcp,class boost::asio::any_io_executor>,1>::do_fail(unsigned short,class boost::system::error_code,class boost::system::error_code &)']
[2026-09-19 21:47:25.650] [info] [:] [WS] session closed: The WebSocket stream was gracefully closed at both endpoints [boost.beast.websocket:1 at C:/Users/wy331/Documents/UE5DroneControl-p5-1/Backend/build-p5/vcpkg_installed/x64-windows/include\boost/beast/websocket/impl/stream.hpp:377:9 in function 'void __cdecl boost::beast::websocket::stream<class boost::asio::basic_stream_socket<class boost::asio::ip::tcp,class boost::asio::any_io_executor>,1>::do_fail(unsigned short,class boost::system::error_code,class boost::system::error_code &)']
[2026-09-19 21:47:25.650] [info] [:] [WS] session closed: The WebSocket stream was gracefully closed at both endpoints [boost.beast.websocket:1 at C:/Users/wy331/Documents/UE5DroneControl-p5-1/Backend/build-p5/vcpkg_installed/x64-windows/include\boost/beast/websocket/impl/stream.hpp:377:9 in function 'void __cdecl boost::beast::websocket::stream<class boost::asio::basic_stream_socket<class boost::asio::ip::tcp,class boost::asio::any_io_executor>,1>::do_fail(unsigned short,class boost::system::error_code,class boost::system::error_code &)']
[2026-09-19 21:47:26.115] [info] [:] [WS] session closed: The WebSocket stream was gracefully closed at both endpoints [boost.beast.websocket:1 at C:/Users/wy331/Documents/UE5DroneControl-p5-1/Backend/build-p5/vcpkg_installed/x64-windows/include\boost/beast/websocket/impl/stream.hpp:377:9 in function 'void __cdecl boost::beast::websocket::stream<class boost::asio::basic_stream_socket<class boost::asio::ip::tcp,class boost::asio::any_io_executor>,1>::do_fail(unsigned short,class boost::system::error_code,class boost::system::error_code &)']
[2026-09-19 21:47:26.349] [info] [:] [WS] session closed: The WebSocket stream was gracefully closed at both endpoints [boost.beast.websocket:1 at C:/Users/wy331/Documents/UE5DroneControl-p5-1/Backend/build-p5/vcpkg_installed/x64-windows/include\boost/beast/websocket/impl/stream.hpp:377:9 in function 'void __cdecl boost::beast::websocket::stream<class boost::asio::basic_stream_socket<class boost::asio::ip::tcp,class boost::asio::any_io_executor>,1>::do_fail(unsigned short,class boost::system::error_code,class boost::system::error_code &)']
[2026-09-19 21:47:26.578] [info] [:] [WS] session closed: The WebSocket stream was gracefully closed at both endpoints [boost.beast.websocket:1 at C:/Users/wy331/Documents/UE5DroneControl-p5-1/Backend/build-p5/vcpkg_installed/x64-windows/include\boost/beast/websocket/impl/stream.hpp:377:9 in function 'void __cdecl boost::beast::websocket::stream<class boost::asio::basic_stream_socket<class boost::asio::ip::tcp,class boost::asio::any_io_executor>,1>::do_fail(unsigned short,class boost::system::error_code,class boost::system::error_code &)']
[2026-09-19 21:47:39.108] [info] [:] [WS] session closed: The WebSocket stream was gracefully closed at both endpoints [boost.beast.websocket:1 at C:/Users/wy331/Documents/UE5DroneControl-p5-1/Backend/build-p5/vcpkg_installed/x64-windows/include\boost/beast/websocket/impl/stream.hpp:377:9 in function 'void __cdecl boost::beast::websocket::stream<class boost::asio::basic_stream_socket<class boost::asio::ip::tcp,class boost::asio::any_io_executor>,1>::do_fail(unsigned short,class boost::system::error_code,class boost::system::error_code &)']
[2026-09-19 21:47:39.108] [info] [:] [WS] session closed: The WebSocket stream was gracefully closed at both endpoints [boost.beast.websocket:1 at C:/Users/wy331/Documents/UE5DroneControl-p5-1/Backend/build-p5/vcpkg_installed/x64-windows/include\boost/beast/websocket/impl/stream.hpp:377:9 in function 'void __cdecl boost::beast::websocket::stream<class boost::asio::basic_stream_socket<class boost::asio::ip::tcp,class boost::asio::any_io_executor>,1>::do_fail(unsigned short,class boost::system::error_code,class boost::system::error_code &)']
[2026-09-19 21:47:39.108] [info] [:] [WS] session closed: The WebSocket stream was gracefully closed at both endpoints [boost.beast.websocket:1 at C:/Users/wy331/Documents/UE5DroneControl-p5-1/Backend/build-p5/vcpkg_installed/x64-windows/include\boost/beast/websocket/impl/stream.hpp:377:9 in function 'void __cdecl boost::beast::websocket::stream<class boost::asio::basic_stream_socket<class boost::asio::ip::tcp,class boost::asio::any_io_executor>,1>::do_fail(unsigned short,class boost::system::error_code,class boost::system::error_code &)']
[2026-09-19 21:47:39.108] [info] [:] [WS] session closed: The WebSocket stream was gracefully closed at both endpoints [boost.beast.websocket:1 at C:/Users/wy331/Documents/UE5DroneControl-p5-1/Backend/build-p5/vcpkg_installed/x64-windows/include\boost/beast/websocket/impl/stream.hpp:377:9 in function 'void __cdecl boost::beast::websocket::stream<class boost::asio::basic_stream_socket<class boost::asio::ip::tcp,class boost::asio::any_io_executor>,1>::do_fail(unsigned short,class boost::system::error_code,class boost::system::error_code &)']
[2026-09-19 21:47:39.776] [info] [:] [WS] session closed: The WebSocket stream was gracefully closed at both endpoints [boost.beast.websocket:1 at C:/Users/wy331/Documents/UE5DroneControl-p5-1/Backend/build-p5/vcpkg_installed/x64-windows/include\boost/beast/websocket/impl/stream.hpp:377:9 in function 'void __cdecl boost::beast::websocket::stream<class boost::asio::basic_stream_socket<class boost::asio::ip::tcp,class boost::asio::any_io_executor>,1>::do_fail(unsigned short,class boost::system::error_code,class boost::system::error_code &)']
[2026-09-19 21:47:39.776] [info] [:] [WS] session closed: The WebSocket stream was gracefully closed at both endpoints [boost.beast.websocket:1 at C:/Users/wy331/Documents/UE5DroneControl-p5-1/Backend/build-p5/vcpkg_installed/x64-windows/include\boost/beast/websocket/impl/stream.hpp:377:9 in function 'void __cdecl boost::beast::websocket::stream<class boost::asio::basic_stream_socket<class boost::asio::ip::tcp,class boost::asio::any_io_executor>,1>::do_fail(unsigned short,class boost::system::error_code,class boost::system::error_code &)']
[2026-09-19 21:47:39.776] [info] [:] [WS] session closed: The WebSocket stream was gracefully closed at both endpoints [boost.beast.websocket:1 at C:/Users/wy331/Documents/UE5DroneControl-p5-1/Backend/build-p5/vcpkg_installed/x64-windows/include\boost/beast/websocket/impl/stream.hpp:377:9 in function 'void __cdecl boost::beast::websocket::stream<class boost::asio::basic_stream_socket<class boost::asio::ip::tcp,class boost::asio::any_io_executor>,1>::do_fail(unsigned short,class boost::system::error_code,class boost::system::error_code &)']
[2026-09-19 21:47:39.777] [info] [:] [WS] session closed: The WebSocket stream was gracefully closed at both endpoints [boost.beast.websocket:1 at C:/Users/wy331/Documents/UE5DroneControl-p5-1/Backend/build-p5/vcpkg_installed/x64-windows/include\boost/beast/websocket/impl/stream.hpp:377:9 in function 'void __cdecl boost::beast::websocket::stream<class boost::asio::basic_stream_socket<class boost::asio::ip::tcp,class boost::asio::any_io_executor>,1>::do_fail(unsigned short,class boost::system::error_code,class boost::system::error_code &)']
[2026-09-19 21:47:50.229] [info] [:] [WS] session closed: The WebSocket stream was gracefully closed at both endpoints [boost.beast.websocket:1 at C:/Users/wy331/Documents/UE5DroneControl-p5-1/Backend/build-p5/vcpkg_installed/x64-windows/include\boost/beast/websocket/impl/stream.hpp:377:9 in function 'void __cdecl boost::beast::websocket::stream<class boost::asio::basic_stream_socket<class boost::asio::ip::tcp,class boost::asio::any_io_executor>,1>::do_fail(unsigned short,class boost::system::error_code,class boost::system::error_code &)']
[2026-09-19 21:47:50.229] [info] [:] [WS] session closed: The WebSocket stream was gracefully closed at both endpoints [boost.beast.websocket:1 at C:/Users/wy331/Documents/UE5DroneControl-p5-1/Backend/build-p5/vcpkg_installed/x64-windows/include\boost/beast/websocket/impl/stream.hpp:377:9 in function 'void __cdecl boost::beast::websocket::stream<class boost::asio::basic_stream_socket<class boost::asio::ip::tcp,class boost::asio::any_io_executor>,1>::do_fail(unsigned short,class boost::system::error_code,class boost::system::error_code &)']
[2026-09-19 21:47:50.229] [info] [:] [WS] session closed: The WebSocket stream was gracefully closed at both endpoints [boost.beast.websocket:1 at C:/Users/wy331/Documents/UE5DroneControl-p5-1/Backend/build-p5/vcpkg_installed/x64-windows/include\boost/beast/websocket/impl/stream.hpp:377:9 in function 'void __cdecl boost::beast::websocket::stream<class boost::asio::basic_stream_socket<class boost::asio::ip::tcp,class boost::asio::any_io_executor>,1>::do_fail(unsigned short,class boost::system::error_code,class boost::system::error_code &)']
[2026-09-19 21:47:50.229] [info] [:] [WS] session closed: The WebSocket stream was gracefully closed at both endpoints [boost.beast.websocket:1 at C:/Users/wy331/Documents/UE5DroneControl-p5-1/Backend/build-p5/vcpkg_installed/x64-windows/include\boost/beast/websocket/impl/stream.hpp:377:9 in function 'void __cdecl boost::beast::websocket::stream<class boost::asio::basic_stream_socket<class boost::asio::ip::tcp,class boost::asio::any_io_executor>,1>::do_fail(unsigned short,class boost::system::error_code,class boost::system::error_code &)']
[2026-09-19 21:47:50.285] [info] Config loaded from 'C:\Users\wy331\Documents\UE5DroneControl-p5-2\Saved\P5.2-protocol-1789825621898558100\backend.yaml': 0 ports, 6 drones max
[2026-09-19 21:47:50.286] [info] Config validation passed (0 ports, 6 max drones)
[2026-09-19 21:47:50.286] [info] [:] Logger initialized. Level=info, File=backend.log
[2026-09-19 21:47:50.286] [info] [:] ============================================
[2026-09-19 21:47:50.286] [info] [:]   Drone Backend v1.0.0
[2026-09-19 21:47:50.286] [info] [:]   HTTP :19680  WS :19681
[2026-09-19 21:47:50.286] [info] [:] ============================================
[2026-09-19 21:47:50.287] [info] [:] [UdpSender] JSON protocol session_id=backend-1789825670286596-8f91ff97
[2026-09-19 21:47:50.287] [info] [:] DroneManager created
[2026-09-19 21:47:50.289] [info] [:] Drone 1 added: slot=1 name=Mock UAV 01
[2026-09-19 21:47:50.289] [info] [:] Drone 2 added: slot=2 name=Mock UAV 02
[2026-09-19 21:47:50.289] [info] [:] Drone 3 added: slot=3 name=Mock UAV 03
[2026-09-19 21:47:50.289] [info] [:] Drone 4 added: slot=4 name=Mock UAV 04
[2026-09-19 21:47:50.289] [info] [:] [Storage] Loaded 4 drones from data/drones.json
[2026-09-19 21:47:50.289] [info] [:] Backend started. Press Ctrl+C to stop.
[DebugCLI] Started. Type 'help' for commands.
[2026-09-19 21:47:50.291] [info] [:] [WS] Listening on 0.0.0.0:19681
[2026-09-19 21:47:50.291] [info] [:] [HTTP] Listening on 0.0.0.0:19680
[2026-09-19 21:53:00.087] [info] Config loaded from 'C:\Users\wy331\Documents\UE5DroneControl-p5-2\Saved\P5.2-protocol-1789825980030604400\backend.yaml': 0 ports, 6 drones max
[2026-09-19 21:53:00.087] [info] Config validation passed (0 ports, 6 max drones)
[2026-09-19 21:53:00.088] [info] [:] Logger initialized. Level=info, File=backend.log
[2026-09-19 21:53:00.088] [info] [:] ============================================
[2026-09-19 21:53:00.088] [info] [:]   Drone Backend v1.0.0
[2026-09-19 21:53:00.088] [info] [:]   HTTP :19680  WS :19681
[2026-09-19 21:53:00.088] [info] [:] ============================================
[2026-09-19 21:53:00.089] [info] [:] [UdpSender] JSON protocol session_id=backend-1789825980088078-bd36cd2d
[2026-09-19 21:53:00.089] [info] [:] DroneManager created
[2026-09-19 21:53:00.096] [info] [:] Drone 1 added: slot=1 name=Mock UAV 01
[2026-09-19 21:53:00.096] [info] [:] Drone 2 added: slot=2 name=Mock UAV 02
[2026-09-19 21:53:00.096] [info] [:] Drone 3 added: slot=3 name=Mock UAV 03
[2026-09-19 21:53:00.096] [info] [:] Drone 4 added: slot=4 name=Mock UAV 04
[2026-09-19 21:53:00.096] [info] [:] [Storage] Loaded 4 drones from data/drones.json
[2026-09-19 21:53:00.096] [info] [:] Backend started. Press Ctrl+C to stop.
[DebugCLI] Started. Type 'help' for commands.
[2026-09-19 21:53:00.097] [info] [:] [WS] Listening on 0.0.0.0:19681
[2026-09-19 21:53:00.097] [info] [:] [HTTP] Listening on 0.0.0.0:19680
[2026-09-19 21:53:01.143] [info] [:] [WS] session closed: The WebSocket stream was gracefully closed at both endpoints [boost.beast.websocket:1 at C:/Users/wy331/Documents/UE5DroneControl-p5-1/Backend/build-p5/vcpkg_installed/x64-windows/include\boost/beast/websocket/impl/stream.hpp:377:9 in function 'void __cdecl boost::beast::websocket::stream<class boost::asio::basic_stream_socket<class boost::asio::ip::tcp,class boost::asio::any_io_executor>,1>::do_fail(unsigned short,class boost::system::error_code,class boost::system::error_code &)']
[2026-09-19 21:53:23.570] [info] [:] [WS] session closed: The WebSocket stream was gracefully closed at both endpoints [boost.beast.websocket:1 at C:/Users/wy331/Documents/UE5DroneControl-p5-1/Backend/build-p5/vcpkg_installed/x64-windows/include\boost/beast/websocket/impl/stream.hpp:377:9 in function 'void __cdecl boost::beast::websocket::stream<class boost::asio::basic_stream_socket<class boost::asio::ip::tcp,class boost::asio::any_io_executor>,1>::do_fail(unsigned short,class boost::system::error_code,class boost::system::error_code &)']
[2026-09-19 21:53:23.570] [info] [:] [WS] session closed: The WebSocket stream was gracefully closed at both endpoints [boost.beast.websocket:1 at C:/Users/wy331/Documents/UE5DroneControl-p5-1/Backend/build-p5/vcpkg_installed/x64-windows/include\boost/beast/websocket/impl/stream.hpp:377:9 in function 'void __cdecl boost::beast::websocket::stream<class boost::asio::basic_stream_socket<class boost::asio::ip::tcp,class boost::asio::any_io_executor>,1>::do_fail(unsigned short,class boost::system::error_code,class boost::system::error_code &)']
[2026-09-19 21:53:23.570] [info] [:] [WS] session closed: The WebSocket stream was gracefully closed at both endpoints [boost.beast.websocket:1 at C:/Users/wy331/Documents/UE5DroneControl-p5-1/Backend/build-p5/vcpkg_installed/x64-windows/include\boost/beast/websocket/impl/stream.hpp:377:9 in function 'void __cdecl boost::beast::websocket::stream<class boost::asio::basic_stream_socket<class boost::asio::ip::tcp,class boost::asio::any_io_executor>,1>::do_fail(unsigned short,class boost::system::error_code,class boost::system::error_code &)']
[2026-09-19 21:53:24.017] [info] [:] [WS] session closed: The WebSocket stream was gracefully closed at both endpoints [boost.beast.websocket:1 at C:/Users/wy331/Documents/UE5DroneControl-p5-1/Backend/build-p5/vcpkg_installed/x64-windows/include\boost/beast/websocket/impl/stream.hpp:377:9 in function 'void __cdecl boost::beast::websocket::stream<class boost::asio::basic_stream_socket<class boost::asio::ip::tcp,class boost::asio::any_io_executor>,1>::do_fail(unsigned short,class boost::system::error_code,class boost::system::error_code &)']
[2026-09-19 21:53:24.242] [info] [:] [WS] session closed: The WebSocket stream was gracefully closed at both endpoints [boost.beast.websocket:1 at C:/Users/wy331/Documents/UE5DroneControl-p5-1/Backend/build-p5/vcpkg_installed/x64-windows/include\boost/beast/websocket/impl/stream.hpp:377:9 in function 'void __cdecl boost::beast::websocket::stream<class boost::asio::basic_stream_socket<class boost::asio::ip::tcp,class boost::asio::any_io_executor>,1>::do_fail(unsigned short,class boost::system::error_code,class boost::system::error_code &)']
[2026-09-19 21:53:24.475] [info] [:] [WS] session closed: The WebSocket stream was gracefully closed at both endpoints [boost.beast.websocket:1 at C:/Users/wy331/Documents/UE5DroneControl-p5-1/Backend/build-p5/vcpkg_installed/x64-windows/include\boost/beast/websocket/impl/stream.hpp:377:9 in function 'void __cdecl boost::beast::websocket::stream<class boost::asio::basic_stream_socket<class boost::asio::ip::tcp,class boost::asio::any_io_executor>,1>::do_fail(unsigned short,class boost::system::error_code,class boost::system::error_code &)']
[2026-09-19 21:53:37.202] [info] [:] [WS] session closed: The WebSocket stream was gracefully closed at both endpoints [boost.beast.websocket:1 at C:/Users/wy331/Documents/UE5DroneControl-p5-1/Backend/build-p5/vcpkg_installed/x64-windows/include\boost/beast/websocket/impl/stream.hpp:377:9 in function 'void __cdecl boost::beast::websocket::stream<class boost::asio::basic_stream_socket<class boost::asio::ip::tcp,class boost::asio::any_io_executor>,1>::do_fail(unsigned short,class boost::system::error_code,class boost::system::error_code &)']
[2026-09-19 21:53:37.202] [info] [:] [WS] session closed: The WebSocket stream was gracefully closed at both endpoints [boost.beast.websocket:1 at C:/Users/wy331/Documents/UE5DroneControl-p5-1/Backend/build-p5/vcpkg_installed/x64-windows/include\boost/beast/websocket/impl/stream.hpp:377:9 in function 'void __cdecl boost::beast::websocket::stream<class boost::asio::basic_stream_socket<class boost::asio::ip::tcp,class boost::asio::any_io_executor>,1>::do_fail(unsigned short,class boost::system::error_code,class boost::system::error_code &)']
[2026-09-19 21:53:37.202] [info] [:] [WS] session closed: The WebSocket stream was gracefully closed at both endpoints [boost.beast.websocket:1 at C:/Users/wy331/Documents/UE5DroneControl-p5-1/Backend/build-p5/vcpkg_installed/x64-windows/include\boost/beast/websocket/impl/stream.hpp:377:9 in function 'void __cdecl boost::beast::websocket::stream<class boost::asio::basic_stream_socket<class boost::asio::ip::tcp,class boost::asio::any_io_executor>,1>::do_fail(unsigned short,class boost::system::error_code,class boost::system::error_code &)']
[2026-09-19 21:53:37.202] [info] [:] [WS] session closed: The WebSocket stream was gracefully closed at both endpoints [boost.beast.websocket:1 at C:/Users/wy331/Documents/UE5DroneControl-p5-1/Backend/build-p5/vcpkg_installed/x64-windows/include\boost/beast/websocket/impl/stream.hpp:377:9 in function 'void __cdecl boost::beast::websocket::stream<class boost::asio::basic_stream_socket<class boost::asio::ip::tcp,class boost::asio::any_io_executor>,1>::do_fail(unsigned short,class boost::system::error_code,class boost::system::error_code &)']
[2026-09-19 21:53:37.812] [info] [:] [WS] session closed: The WebSocket stream was gracefully closed at both endpoints [boost.beast.websocket:1 at C:/Users/wy331/Documents/UE5DroneControl-p5-1/Backend/build-p5/vcpkg_installed/x64-windows/include\boost/beast/websocket/impl/stream.hpp:377:9 in function 'void __cdecl boost::beast::websocket::stream<class boost::asio::basic_stream_socket<class boost::asio::ip::tcp,class boost::asio::any_io_executor>,1>::do_fail(unsigned short,class boost::system::error_code,class boost::system::error_code &)']
[2026-09-19 21:53:37.812] [info] [:] [WS] session closed: The WebSocket stream was gracefully closed at both endpoints [boost.beast.websocket:1 at C:/Users/wy331/Documents/UE5DroneControl-p5-1/Backend/build-p5/vcpkg_installed/x64-windows/include\boost/beast/websocket/impl/stream.hpp:377:9 in function 'void __cdecl boost::beast::websocket::stream<class boost::asio::basic_stream_socket<class boost::asio::ip::tcp,class boost::asio::any_io_executor>,1>::do_fail(unsigned short,class boost::system::error_code,class boost::system::error_code &)']
[2026-09-19 21:53:37.813] [info] [:] [WS] session closed: The WebSocket stream was gracefully closed at both endpoints [boost.beast.websocket:1 at C:/Users/wy331/Documents/UE5DroneControl-p5-1/Backend/build-p5/vcpkg_installed/x64-windows/include\boost/beast/websocket/impl/stream.hpp:377:9 in function 'void __cdecl boost::beast::websocket::stream<class boost::asio::basic_stream_socket<class boost::asio::ip::tcp,class boost::asio::any_io_executor>,1>::do_fail(unsigned short,class boost::system::error_code,class boost::system::error_code &)']
[2026-09-19 21:53:37.813] [info] [:] [WS] session closed: The WebSocket stream was gracefully closed at both endpoints [boost.beast.websocket:1 at C:/Users/wy331/Documents/UE5DroneControl-p5-1/Backend/build-p5/vcpkg_installed/x64-windows/include\boost/beast/websocket/impl/stream.hpp:377:9 in function 'void __cdecl boost::beast::websocket::stream<class boost::asio::basic_stream_socket<class boost::asio::ip::tcp,class boost::asio::any_io_executor>,1>::do_fail(unsigned short,class boost::system::error_code,class boost::system::error_code &)']
[2026-09-19 21:53:47.966] [info] [:] [WS] session closed: The WebSocket stream was gracefully closed at both endpoints [boost.beast.websocket:1 at C:/Users/wy331/Documents/UE5DroneControl-p5-1/Backend/build-p5/vcpkg_installed/x64-windows/include\boost/beast/websocket/impl/stream.hpp:377:9 in function 'void __cdecl boost::beast::websocket::stream<class boost::asio::basic_stream_socket<class boost::asio::ip::tcp,class boost::asio::any_io_executor>,1>::do_fail(unsigned short,class boost::system::error_code,class boost::system::error_code &)']
[2026-09-19 21:53:47.966] [info] [:] [WS] session closed: The WebSocket stream was gracefully closed at both endpoints [boost.beast.websocket:1 at C:/Users/wy331/Documents/UE5DroneControl-p5-1/Backend/build-p5/vcpkg_installed/x64-windows/include\boost/beast/websocket/impl/stream.hpp:377:9 in function 'void __cdecl boost::beast::websocket::stream<class boost::asio::basic_stream_socket<class boost::asio::ip::tcp,class boost::asio::any_io_executor>,1>::do_fail(unsigned short,class boost::system::error_code,class boost::system::error_code &)']
[2026-09-19 21:53:47.967] [info] [:] [WS] session closed: The WebSocket stream was gracefully closed at both endpoints [boost.beast.websocket:1 at C:/Users/wy331/Documents/UE5DroneControl-p5-1/Backend/build-p5/vcpkg_installed/x64-windows/include\boost/beast/websocket/impl/stream.hpp:377:9 in function 'void __cdecl boost::beast::websocket::stream<class boost::asio::basic_stream_socket<class boost::asio::ip::tcp,class boost::asio::any_io_executor>,1>::do_fail(unsigned short,class boost::system::error_code,class boost::system::error_code &)']
[2026-09-19 21:53:47.967] [info] [:] [WS] session closed: The WebSocket stream was gracefully closed at both endpoints [boost.beast.websocket:1 at C:/Users/wy331/Documents/UE5DroneControl-p5-1/Backend/build-p5/vcpkg_installed/x64-windows/include\boost/beast/websocket/impl/stream.hpp:377:9 in function 'void __cdecl boost::beast::websocket::stream<class boost::asio::basic_stream_socket<class boost::asio::ip::tcp,class boost::asio::any_io_executor>,1>::do_fail(unsigned short,class boost::system::error_code,class boost::system::error_code &)']
[2026-09-19 21:53:48.007] [info] Config loaded from 'C:\Users\wy331\Documents\UE5DroneControl-p5-2\Saved\P5.2-protocol-1789825980030604400\backend.yaml': 0 ports, 6 drones max
[2026-09-19 21:53:48.008] [info] Config validation passed (0 ports, 6 max drones)
[2026-09-19 21:53:48.008] [info] [:] Logger initialized. Level=info, File=backend.log
[2026-09-19 21:53:48.008] [info] [:] ============================================
[2026-09-19 21:53:48.008] [info] [:]   Drone Backend v1.0.0
[2026-09-19 21:53:48.008] [info] [:]   HTTP :19680  WS :19681
[2026-09-19 21:53:48.008] [info] [:] ============================================
[2026-09-19 21:53:48.009] [info] [:] [UdpSender] JSON protocol session_id=backend-1789826028008485-50bbe85f
[2026-09-19 21:53:48.009] [info] [:] DroneManager created
[2026-09-19 21:53:48.011] [info] [:] Drone 1 added: slot=1 name=Mock UAV 01
[2026-09-19 21:53:48.011] [info] [:] Drone 2 added: slot=2 name=Mock UAV 02
[2026-09-19 21:53:48.011] [info] [:] Drone 3 added: slot=3 name=Mock UAV 03
[2026-09-19 21:53:48.011] [info] [:] Drone 4 added: slot=4 name=Mock UAV 04
[2026-09-19 21:53:48.011] [info] [:] [Storage] Loaded 4 drones from data/drones.json
[2026-09-19 21:53:48.011] [info] [:] Backend started. Press Ctrl+C to stop.
[DebugCLI] Started. Type 'help' for commands.
[2026-09-19 21:53:48.012] [info] [:] [HTTP] Listening on 0.0.0.0:19680
[2026-09-19 21:53:48.012] [info] [:] [WS] Listening on 0.0.0.0:19681
[2026-09-19 21:53:48.649] [info] [:] [WS] session closed: The WebSocket stream was gracefully closed at both endpoints [boost.beast.websocket:1 at C:/Users/wy331/Documents/UE5DroneControl-p5-1/Backend/build-p5/vcpkg_installed/x64-windows/include\boost/beast/websocket/impl/stream.hpp:377:9 in function 'void __cdecl boost::beast::websocket::stream<class boost::asio::basic_stream_socket<class boost::asio::ip::tcp,class boost::asio::any_io_executor>,1>::do_fail(unsigned short,class boost::system::error_code,class boost::system::error_code &)']
[2026-09-19 21:54:31.338] [info] [:] [WS] session closed: The WebSocket stream was gracefully closed at both endpoints [boost.beast.websocket:1 at C:/Users/wy331/Documents/UE5DroneControl-p5-1/Backend/build-p5/vcpkg_installed/x64-windows/include\boost/beast/websocket/impl/stream.hpp:377:9 in function 'void __cdecl boost::beast::websocket::stream<class boost::asio::basic_stream_socket<class boost::asio::ip::tcp,class boost::asio::any_io_executor>,1>::do_fail(unsigned short,class boost::system::error_code,class boost::system::error_code &)']
[2026-09-19 21:54:31.339] [info] [:] [WS] session closed: 远程主机强迫关闭了一个现有的连接。 [system:10054]
[2026-09-19 21:54:41.397] [info] [:] [WS] session closed: The WebSocket stream was gracefully closed at both endpoints [boost.beast.websocket:1 at C:/Users/wy331/Documents/UE5DroneControl-p5-1/Backend/build-p5/vcpkg_installed/x64-windows/include\boost/beast/websocket/impl/stream.hpp:377:9 in function 'void __cdecl boost::beast::websocket::stream<class boost::asio::basic_stream_socket<class boost::asio::ip::tcp,class boost::asio::any_io_executor>,1>::do_fail(unsigned short,class boost::system::error_code,class boost::system::error_code &)']
[2026-09-19 21:54:41.397] [info] [:] [WS] session closed: 远程主机强迫关闭了一个现有的连接。 [system:10054]
[2026-09-19 21:54:50.027] [info] [:] [WS] session closed: The WebSocket stream was gracefully closed at both endpoints [boost.beast.websocket:1 at C:/Users/wy331/Documents/UE5DroneControl-p5-1/Backend/build-p5/vcpkg_installed/x64-windows/include\boost/beast/websocket/impl/stream.hpp:377:9 in function 'void __cdecl boost::beast::websocket::stream<class boost::asio::basic_stream_socket<class boost::asio::ip::tcp,class boost::asio::any_io_executor>,1>::do_fail(unsigned short,class boost::system::error_code,class boost::system::error_code &)']
[2026-09-19 21:54:50.027] [info] [:] [WS] session closed: 远程主机强迫关闭了一个现有的连接。 [system:10054]
[2026-09-19 21:55:27.949] [info] [:] [WS] session closed: The WebSocket stream was gracefully closed at both endpoints [boost.beast.websocket:1 at C:/Users/wy331/Documents/UE5DroneControl-p5-1/Backend/build-p5/vcpkg_installed/x64-windows/include\boost/beast/websocket/impl/stream.hpp:377:9 in function 'void __cdecl boost::beast::websocket::stream<class boost::asio::basic_stream_socket<class boost::asio::ip::tcp,class boost::asio::any_io_executor>,1>::do_fail(unsigned short,class boost::system::error_code,class boost::system::error_code &)']
[2026-09-19 21:55:27.950] [info] [:] [WS] session closed: 远程主机强迫关闭了一个现有的连接。 [system:10054]
[2026-09-19 21:55:36.569] [info] [:] [WS] session closed: The WebSocket stream was gracefully closed at both endpoints [boost.beast.websocket:1 at C:/Users/wy331/Documents/UE5DroneControl-p5-1/Backend/build-p5/vcpkg_installed/x64-windows/include\boost/beast/websocket/impl/stream.hpp:377:9 in function 'void __cdecl boost::beast::websocket::stream<class boost::asio::basic_stream_socket<class boost::asio::ip::tcp,class boost::asio::any_io_executor>,1>::do_fail(unsigned short,class boost::system::error_code,class boost::system::error_code &)']
[2026-09-19 21:55:36.569] [info] [:] [WS] session closed: 远程主机强迫关闭了一个现有的连接。 [system:10054]
[2026-09-19 21:55:45.189] [info] [:] [WS] session closed: The WebSocket stream was gracefully closed at both endpoints [boost.beast.websocket:1 at C:/Users/wy331/Documents/UE5DroneControl-p5-1/Backend/build-p5/vcpkg_installed/x64-windows/include\boost/beast/websocket/impl/stream.hpp:377:9 in function 'void __cdecl boost::beast::websocket::stream<class boost::asio::basic_stream_socket<class boost::asio::ip::tcp,class boost::asio::any_io_executor>,1>::do_fail(unsigned short,class boost::system::error_code,class boost::system::error_code &)']
[2026-09-19 21:55:45.189] [info] [:] [WS] session closed: 远程主机强迫关闭了一个现有的连接。 [system:10054]
[2026-09-19 21:56:22.041] [info] [:] [WS] session closed: The WebSocket stream was gracefully closed at both endpoints [boost.beast.websocket:1 at C:/Users/wy331/Documents/UE5DroneControl-p5-1/Backend/build-p5/vcpkg_installed/x64-windows/include\boost/beast/websocket/impl/stream.hpp:377:9 in function 'void __cdecl boost::beast::websocket::stream<class boost::asio::basic_stream_socket<class boost::asio::ip::tcp,class boost::asio::any_io_executor>,1>::do_fail(unsigned short,class boost::system::error_code,class boost::system::error_code &)']
[2026-09-19 21:56:22.042] [info] [:] [WS] session closed: 远程主机强迫关闭了一个现有的连接。 [system:10054]
[2026-09-19 22:32:59.828] [info] Config loaded from 'C:\Users\wy331\Documents\UE5DroneControl-p5-2\Saved\P5.2-protocol-1789828379792444600\backend.yaml': 0 ports, 6 drones max
[2026-09-19 22:32:59.828] [info] Config validation passed (0 ports, 6 max drones)
[2026-09-19 22:32:59.829] [info] [:] Logger initialized. Level=info, File=backend.log
[2026-09-19 22:32:59.829] [info] [:] ============================================
[2026-09-19 22:32:59.829] [info] [:]   Drone Backend v1.0.0
[2026-09-19 22:32:59.829] [info] [:]   HTTP :19680  WS :19681
[2026-09-19 22:32:59.829] [info] [:] ============================================
[2026-09-19 22:32:59.830] [info] [:] [UdpSender] JSON protocol session_id=backend-1789828379829064-aaea6097
[2026-09-19 22:32:59.830] [info] [:] DroneManager created
[2026-09-19 22:32:59.832] [info] [:] Drone 1 added: slot=1 name=Mock UAV 01
[2026-09-19 22:32:59.832] [info] [:] Drone 2 added: slot=2 name=Mock UAV 02
[2026-09-19 22:32:59.832] [info] [:] Drone 3 added: slot=3 name=Mock UAV 03
[2026-09-19 22:32:59.832] [info] [:] Drone 4 added: slot=4 name=Mock UAV 04
[2026-09-19 22:32:59.832] [info] [:] [Storage] Loaded 4 drones from data/drones.json
[2026-09-19 22:32:59.832] [info] [:] Backend started. Press Ctrl+C to stop.
[DebugCLI] Started. Type 'help' for commands.
[2026-09-19 22:32:59.833] [info] [:] [WS] Listening on 0.0.0.0:19681
[2026-09-19 22:32:59.833] [info] [:] [HTTP] Listening on 0.0.0.0:19680
[2026-09-19 22:33:00.856] [info] [:] [WS] session closed: The WebSocket stream was gracefully closed at both endpoints [boost.beast.websocket:1 at C:/Users/wy331/Documents/UE5DroneControl-p5-1/Backend/build-p5/vcpkg_installed/x64-windows/include\boost/beast/websocket/impl/stream.hpp:377:9 in function 'void __cdecl boost::beast::websocket::stream<class boost::asio::basic_stream_socket<class boost::asio::ip::tcp,class boost::asio::any_io_executor>,1>::do_fail(unsigned short,class boost::system::error_code,class boost::system::error_code &)']
[2026-09-19 22:33:23.277] [info] [:] [WS] session closed: The WebSocket stream was gracefully closed at both endpoints [boost.beast.websocket:1 at C:/Users/wy331/Documents/UE5DroneControl-p5-1/Backend/build-p5/vcpkg_installed/x64-windows/include\boost/beast/websocket/impl/stream.hpp:377:9 in function 'void __cdecl boost::beast::websocket::stream<class boost::asio::basic_stream_socket<class boost::asio::ip::tcp,class boost::asio::any_io_executor>,1>::do_fail(unsigned short,class boost::system::error_code,class boost::system::error_code &)']
[2026-09-19 22:33:23.277] [info] [:] [WS] session closed: The WebSocket stream was gracefully closed at both endpoints [boost.beast.websocket:1 at C:/Users/wy331/Documents/UE5DroneControl-p5-1/Backend/build-p5/vcpkg_installed/x64-windows/include\boost/beast/websocket/impl/stream.hpp:377:9 in function 'void __cdecl boost::beast::websocket::stream<class boost::asio::basic_stream_socket<class boost::asio::ip::tcp,class boost::asio::any_io_executor>,1>::do_fail(unsigned short,class boost::system::error_code,class boost::system::error_code &)']
[2026-09-19 22:33:23.277] [info] [:] [WS] session closed: The WebSocket stream was gracefully closed at both endpoints [boost.beast.websocket:1 at C:/Users/wy331/Documents/UE5DroneControl-p5-1/Backend/build-p5/vcpkg_installed/x64-windows/include\boost/beast/websocket/impl/stream.hpp:377:9 in function 'void __cdecl boost::beast::websocket::stream<class boost::asio::basic_stream_socket<class boost::asio::ip::tcp,class boost::asio::any_io_executor>,1>::do_fail(unsigned short,class boost::system::error_code,class boost::system::error_code &)']
[2026-09-19 22:33:23.712] [info] [:] [WS] session closed: The WebSocket stream was gracefully closed at both endpoints [boost.beast.websocket:1 at C:/Users/wy331/Documents/UE5DroneControl-p5-1/Backend/build-p5/vcpkg_installed/x64-windows/include\boost/beast/websocket/impl/stream.hpp:377:9 in function 'void __cdecl boost::beast::websocket::stream<class boost::asio::basic_stream_socket<class boost::asio::ip::tcp,class boost::asio::any_io_executor>,1>::do_fail(unsigned short,class boost::system::error_code,class boost::system::error_code &)']
[2026-09-19 22:33:23.937] [info] [:] [WS] session closed: The WebSocket stream was gracefully closed at both endpoints [boost.beast.websocket:1 at C:/Users/wy331/Documents/UE5DroneControl-p5-1/Backend/build-p5/vcpkg_installed/x64-windows/include\boost/beast/websocket/impl/stream.hpp:377:9 in function 'void __cdecl boost::beast::websocket::stream<class boost::asio::basic_stream_socket<class boost::asio::ip::tcp,class boost::asio::any_io_executor>,1>::do_fail(unsigned short,class boost::system::error_code,class boost::system::error_code &)']
[2026-09-19 22:33:24.169] [info] [:] [WS] session closed: The WebSocket stream was gracefully closed at both endpoints [boost.beast.websocket:1 at C:/Users/wy331/Documents/UE5DroneControl-p5-1/Backend/build-p5/vcpkg_installed/x64-windows/include\boost/beast/websocket/impl/stream.hpp:377:9 in function 'void __cdecl boost::beast::websocket::stream<class boost::asio::basic_stream_socket<class boost::asio::ip::tcp,class boost::asio::any_io_executor>,1>::do_fail(unsigned short,class boost::system::error_code,class boost::system::error_code &)']
[2026-09-19 22:33:37.095] [info] [:] [WS] session closed: The WebSocket stream was gracefully closed at both endpoints [boost.beast.websocket:1 at C:/Users/wy331/Documents/UE5DroneControl-p5-1/Backend/build-p5/vcpkg_installed/x64-windows/include\boost/beast/websocket/impl/stream.hpp:377:9 in function 'void __cdecl boost::beast::websocket::stream<class boost::asio::basic_stream_socket<class boost::asio::ip::tcp,class boost::asio::any_io_executor>,1>::do_fail(unsigned short,class boost::system::error_code,class boost::system::error_code &)']
[2026-09-19 22:33:37.095] [info] [:] [WS] session closed: The WebSocket stream was gracefully closed at both endpoints [boost.beast.websocket:1 at C:/Users/wy331/Documents/UE5DroneControl-p5-1/Backend/build-p5/vcpkg_installed/x64-windows/include\boost/beast/websocket/impl/stream.hpp:377:9 in function 'void __cdecl boost::beast::websocket::stream<class boost::asio::basic_stream_socket<class boost::asio::ip::tcp,class boost::asio::any_io_executor>,1>::do_fail(unsigned short,class boost::system::error_code,class boost::system::error_code &)']
[2026-09-19 22:33:37.095] [info] [:] [WS] session closed: The WebSocket stream was gracefully closed at both endpoints [boost.beast.websocket:1 at C:/Users/wy331/Documents/UE5DroneControl-p5-1/Backend/build-p5/vcpkg_installed/x64-windows/include\boost/beast/websocket/impl/stream.hpp:377:9 in function 'void __cdecl boost::beast::websocket::stream<class boost::asio::basic_stream_socket<class boost::asio::ip::tcp,class boost::asio::any_io_executor>,1>::do_fail(unsigned short,class boost::system::error_code,class boost::system::error_code &)']
[2026-09-19 22:33:37.096] [info] [:] [WS] session closed: The WebSocket stream was gracefully closed at both endpoints [boost.beast.websocket:1 at C:/Users/wy331/Documents/UE5DroneControl-p5-1/Backend/build-p5/vcpkg_installed/x64-windows/include\boost/beast/websocket/impl/stream.hpp:377:9 in function 'void __cdecl boost::beast::websocket::stream<class boost::asio::basic_stream_socket<class boost::asio::ip::tcp,class boost::asio::any_io_executor>,1>::do_fail(unsigned short,class boost::system::error_code,class boost::system::error_code &)']
[2026-09-19 22:33:37.709] [info] [:] [WS] session closed: The WebSocket stream was gracefully closed at both endpoints [boost.beast.websocket:1 at C:/Users/wy331/Documents/UE5DroneControl-p5-1/Backend/build-p5/vcpkg_installed/x64-windows/include\boost/beast/websocket/impl/stream.hpp:377:9 in function 'void __cdecl boost::beast::websocket::stream<class boost::asio::basic_stream_socket<class boost::asio::ip::tcp,class boost::asio::any_io_executor>,1>::do_fail(unsigned short,class boost::system::error_code,class boost::system::error_code &)']
[2026-09-19 22:33:37.709] [info] [:] [WS] session closed: The WebSocket stream was gracefully closed at both endpoints [boost.beast.websocket:1 at C:/Users/wy331/Documents/UE5DroneControl-p5-1/Backend/build-p5/vcpkg_installed/x64-windows/include\boost/beast/websocket/impl/stream.hpp:377:9 in function 'void __cdecl boost::beast::websocket::stream<class boost::asio::basic_stream_socket<class boost::asio::ip::tcp,class boost::asio::any_io_executor>,1>::do_fail(unsigned short,class boost::system::error_code,class boost::system::error_code &)']
[2026-09-19 22:33:37.709] [info] [:] [WS] session closed: The WebSocket stream was gracefully closed at both endpoints [boost.beast.websocket:1 at C:/Users/wy331/Documents/UE5DroneControl-p5-1/Backend/build-p5/vcpkg_installed/x64-windows/include\boost/beast/websocket/impl/stream.hpp:377:9 in function 'void __cdecl boost::beast::websocket::stream<class boost::asio::basic_stream_socket<class boost::asio::ip::tcp,class boost::asio::any_io_executor>,1>::do_fail(unsigned short,class boost::system::error_code,class boost::system::error_code &)']
[2026-09-19 22:33:37.709] [info] [:] [WS] session closed: The WebSocket stream was gracefully closed at both endpoints [boost.beast.websocket:1 at C:/Users/wy331/Documents/UE5DroneControl-p5-1/Backend/build-p5/vcpkg_installed/x64-windows/include\boost/beast/websocket/impl/stream.hpp:377:9 in function 'void __cdecl boost::beast::websocket::stream<class boost::asio::basic_stream_socket<class boost::asio::ip::tcp,class boost::asio::any_io_executor>,1>::do_fail(unsigned short,class boost::system::error_code,class boost::system::error_code &)']
[2026-09-19 22:33:47.885] [info] [:] [WS] session closed: The WebSocket stream was gracefully closed at both endpoints [boost.beast.websocket:1 at C:/Users/wy331/Documents/UE5DroneControl-p5-1/Backend/build-p5/vcpkg_installed/x64-windows/include\boost/beast/websocket/impl/stream.hpp:377:9 in function 'void __cdecl boost::beast::websocket::stream<class boost::asio::basic_stream_socket<class boost::asio::ip::tcp,class boost::asio::any_io_executor>,1>::do_fail(unsigned short,class boost::system::error_code,class boost::system::error_code &)']
[2026-09-19 22:33:47.885] [info] [:] [WS] session closed: The WebSocket stream was gracefully closed at both endpoints [boost.beast.websocket:1 at C:/Users/wy331/Documents/UE5DroneControl-p5-1/Backend/build-p5/vcpkg_installed/x64-windows/include\boost/beast/websocket/impl/stream.hpp:377:9 in function 'void __cdecl boost::beast::websocket::stream<class boost::asio::basic_stream_socket<class boost::asio::ip::tcp,class boost::asio::any_io_executor>,1>::do_fail(unsigned short,class boost::system::error_code,class boost::system::error_code &)']
[2026-09-19 22:33:47.885] [info] [:] [WS] session closed: The WebSocket stream was gracefully closed at both endpoints [boost.beast.websocket:1 at C:/Users/wy331/Documents/UE5DroneControl-p5-1/Backend/build-p5/vcpkg_installed/x64-windows/include\boost/beast/websocket/impl/stream.hpp:377:9 in function 'void __cdecl boost::beast::websocket::stream<class boost::asio::basic_stream_socket<class boost::asio::ip::tcp,class boost::asio::any_io_executor>,1>::do_fail(unsigned short,class boost::system::error_code,class boost::system::error_code &)']
[2026-09-19 22:33:47.885] [info] [:] [WS] session closed: The WebSocket stream was gracefully closed at both endpoints [boost.beast.websocket:1 at C:/Users/wy331/Documents/UE5DroneControl-p5-1/Backend/build-p5/vcpkg_installed/x64-windows/include\boost/beast/websocket/impl/stream.hpp:377:9 in function 'void __cdecl boost::beast::websocket::stream<class boost::asio::basic_stream_socket<class boost::asio::ip::tcp,class boost::asio::any_io_executor>,1>::do_fail(unsigned short,class boost::system::error_code,class boost::system::error_code &)']
[2026-09-19 22:33:47.925] [info] Config loaded from 'C:\Users\wy331\Documents\UE5DroneControl-p5-2\Saved\P5.2-protocol-1789828379792444600\backend.yaml': 0 ports, 6 drones max
[2026-09-19 22:33:47.925] [info] Config validation passed (0 ports, 6 max drones)
[2026-09-19 22:33:47.926] [info] [:] Logger initialized. Level=info, File=backend.log
[2026-09-19 22:33:47.926] [info] [:] ============================================
[2026-09-19 22:33:47.926] [info] [:]   Drone Backend v1.0.0
[2026-09-19 22:33:47.926] [info] [:]   HTTP :19680  WS :19681
[2026-09-19 22:33:47.926] [info] [:] ============================================
[2026-09-19 22:33:47.927] [info] [:] [UdpSender] JSON protocol session_id=backend-1789828427926177-67a9350d
[2026-09-19 22:33:47.927] [info] [:] DroneManager created
[2026-09-19 22:33:47.929] [info] [:] Drone 1 added: slot=1 name=Mock UAV 01
[2026-09-19 22:33:47.929] [info] [:] Drone 2 added: slot=2 name=Mock UAV 02
[2026-09-19 22:33:47.929] [info] [:] Drone 3 added: slot=3 name=Mock UAV 03
[2026-09-19 22:33:47.929] [info] [:] Drone 4 added: slot=4 name=Mock UAV 04
[2026-09-19 22:33:47.929] [info] [:] [Storage] Loaded 4 drones from data/drones.json
[2026-09-19 22:33:47.929] [info] [:] Backend started. Press Ctrl+C to stop.
[DebugCLI] Started. Type 'help' for commands.
[2026-09-19 22:33:47.930] [info] [:] [HTTP] Listening on 0.0.0.0:19680
[2026-09-19 22:33:47.930] [info] [:] [WS] Listening on 0.0.0.0:19681
[2026-09-19 22:33:48.540] [info] [:] [WS] session closed: The WebSocket stream was gracefully closed at both endpoints [boost.beast.websocket:1 at C:/Users/wy331/Documents/UE5DroneControl-p5-1/Backend/build-p5/vcpkg_installed/x64-windows/include\boost/beast/websocket/impl/stream.hpp:377:9 in function 'void __cdecl boost::beast::websocket::stream<class boost::asio::basic_stream_socket<class boost::asio::ip::tcp,class boost::asio::any_io_executor>,1>::do_fail(unsigned short,class boost::system::error_code,class boost::system::error_code &)']
[2026-09-19 22:34:24.063] [info] [:] [WS] session closed: The WebSocket stream was gracefully closed at both endpoints [boost.beast.websocket:1 at C:/Users/wy331/Documents/UE5DroneControl-p5-1/Backend/build-p5/vcpkg_installed/x64-windows/include\boost/beast/websocket/impl/stream.hpp:377:9 in function 'void __cdecl boost::beast::websocket::stream<class boost::asio::basic_stream_socket<class boost::asio::ip::tcp,class boost::asio::any_io_executor>,1>::do_fail(unsigned short,class boost::system::error_code,class boost::system::error_code &)']
[2026-09-19 22:34:24.064] [info] [:] [WS] session closed: 远程主机强迫关闭了一个现有的连接。 [system:10054]
[2026-09-19 22:34:32.607] [info] [:] [WS] session closed: The WebSocket stream was gracefully closed at both endpoints [boost.beast.websocket:1 at C:/Users/wy331/Documents/UE5DroneControl-p5-1/Backend/build-p5/vcpkg_installed/x64-windows/include\boost/beast/websocket/impl/stream.hpp:377:9 in function 'void __cdecl boost::beast::websocket::stream<class boost::asio::basic_stream_socket<class boost::asio::ip::tcp,class boost::asio::any_io_executor>,1>::do_fail(unsigned short,class boost::system::error_code,class boost::system::error_code &)']
[2026-09-19 22:34:32.607] [info] [:] [WS] session closed: The WebSocket stream was gracefully closed at both endpoints [boost.beast.websocket:1 at C:/Users/wy331/Documents/UE5DroneControl-p5-1/Backend/build-p5/vcpkg_installed/x64-windows/include\boost/beast/websocket/impl/stream.hpp:377:9 in function 'void __cdecl boost::beast::websocket::stream<class boost::asio::basic_stream_socket<class boost::asio::ip::tcp,class boost::asio::any_io_executor>,1>::do_fail(unsigned short,class boost::system::error_code,class boost::system::error_code &)']
[2026-09-19 22:34:41.258] [info] [:] [WS] session closed: The WebSocket stream was gracefully closed at both endpoints [boost.beast.websocket:1 at C:/Users/wy331/Documents/UE5DroneControl-p5-1/Backend/build-p5/vcpkg_installed/x64-windows/include\boost/beast/websocket/impl/stream.hpp:377:9 in function 'void __cdecl boost::beast::websocket::stream<class boost::asio::basic_stream_socket<class boost::asio::ip::tcp,class boost::asio::any_io_executor>,1>::do_fail(unsigned short,class boost::system::error_code,class boost::system::error_code &)']
[2026-09-19 22:34:41.258] [info] [:] [WS] session closed: 远程主机强迫关闭了一个现有的连接。 [system:10054]
[2026-09-19 22:35:18.867] [info] [:] [WS] session closed: The WebSocket stream was gracefully closed at both endpoints [boost.beast.websocket:1 at C:/Users/wy331/Documents/UE5DroneControl-p5-1/Backend/build-p5/vcpkg_installed/x64-windows/include\boost/beast/websocket/impl/stream.hpp:377:9 in function 'void __cdecl boost::beast::websocket::stream<class boost::asio::basic_stream_socket<class boost::asio::ip::tcp,class boost::asio::any_io_executor>,1>::do_fail(unsigned short,class boost::system::error_code,class boost::system::error_code &)']
[2026-09-19 22:35:18.868] [info] [:] [WS] session closed: 远程主机强迫关闭了一个现有的连接。 [system:10054]
[2026-09-19 22:35:27.488] [info] [:] [WS] session closed: The WebSocket stream was gracefully closed at both endpoints [boost.beast.websocket:1 at C:/Users/wy331/Documents/UE5DroneControl-p5-1/Backend/build-p5/vcpkg_installed/x64-windows/include\boost/beast/websocket/impl/stream.hpp:377:9 in function 'void __cdecl boost::beast::websocket::stream<class boost::asio::basic_stream_socket<class boost::asio::ip::tcp,class boost::asio::any_io_executor>,1>::do_fail(unsigned short,class boost::system::error_code,class boost::system::error_code &)']
[2026-09-19 22:35:27.489] [info] [:] [WS] session closed: 远程主机强迫关闭了一个现有的连接。 [system:10054]
[2026-09-19 22:35:36.098] [info] [:] [WS] session closed: The WebSocket stream was gracefully closed at both endpoints [boost.beast.websocket:1 at C:/Users/wy331/Documents/UE5DroneControl-p5-1/Backend/build-p5/vcpkg_installed/x64-windows/include\boost/beast/websocket/impl/stream.hpp:377:9 in function 'void __cdecl boost::beast::websocket::stream<class boost::asio::basic_stream_socket<class boost::asio::ip::tcp,class boost::asio::any_io_executor>,1>::do_fail(unsigned short,class boost::system::error_code,class boost::system::error_code &)']
[2026-09-19 22:35:36.098] [info] [:] [WS] session closed: 远程主机强迫关闭了一个现有的连接。 [system:10054]
[2026-09-19 22:36:13.402] [info] [:] [WS] session closed: The WebSocket stream was gracefully closed at both endpoints [boost.beast.websocket:1 at C:/Users/wy331/Documents/UE5DroneControl-p5-1/Backend/build-p5/vcpkg_installed/x64-windows/include\boost/beast/websocket/impl/stream.hpp:377:9 in function 'void __cdecl boost::beast::websocket::stream<class boost::asio::basic_stream_socket<class boost::asio::ip::tcp,class boost::asio::any_io_executor>,1>::do_fail(unsigned short,class boost::system::error_code,class boost::system::error_code &)']
[2026-09-19 22:36:13.402] [info] [:] [WS] session closed: 远程主机强迫关闭了一个现有的连接。 [system:10054]
[2026-09-19 22:42:50.480] [info] Config loaded from 'C:\Users\wy331\Documents\UE5DroneControl-p5-2\Saved\P5.2-protocol-1789828970452522500\backend.yaml': 0 ports, 6 drones max
[2026-09-19 22:42:50.480] [info] Config validation passed (0 ports, 6 max drones)
[2026-09-19 22:42:50.481] [info] [:] Logger initialized. Level=info, File=backend.log
[2026-09-19 22:42:50.481] [info] [:] ============================================
[2026-09-19 22:42:50.481] [info] [:]   Drone Backend v1.0.0
[2026-09-19 22:42:50.481] [info] [:]   HTTP :19680  WS :19681
[2026-09-19 22:42:50.481] [info] [:] ============================================
[2026-09-19 22:42:50.482] [info] [:] [UdpSender] JSON protocol session_id=backend-1789828970481244-fd2ac210
[2026-09-19 22:42:50.482] [info] [:] DroneManager created
[2026-09-19 22:42:50.484] [info] [:] Drone 1 added: slot=1 name=Mock UAV 01
[2026-09-19 22:42:50.484] [info] [:] Drone 2 added: slot=2 name=Mock UAV 02
[2026-09-19 22:42:50.484] [info] [:] Drone 3 added: slot=3 name=Mock UAV 03
[2026-09-19 22:42:50.484] [info] [:] Drone 4 added: slot=4 name=Mock UAV 04
[2026-09-19 22:42:50.484] [info] [:] [Storage] Loaded 4 drones from data/drones.json
[2026-09-19 22:42:50.484] [info] [:] Backend started. Press Ctrl+C to stop.
[DebugCLI] Started. Type 'help' for commands.
[2026-09-19 22:42:50.486] [info] [:] [WS] Listening on 0.0.0.0:19681
[2026-09-19 22:42:50.486] [info] [:] [HTTP] Listening on 0.0.0.0:19680
[2026-09-19 22:42:51.020] [info] [:] [WS] session closed: The WebSocket stream was gracefully closed at both endpoints [boost.beast.websocket:1 at C:/Users/wy331/Documents/UE5DroneControl-p5-1/Backend/build-p5/vcpkg_installed/x64-windows/include\boost/beast/websocket/impl/stream.hpp:377:9 in function 'void __cdecl boost::beast::websocket::stream<class boost::asio::basic_stream_socket<class boost::asio::ip::tcp,class boost::asio::any_io_executor>,1>::do_fail(unsigned short,class boost::system::error_code,class boost::system::error_code &)']
[2026-09-19 22:43:13.451] [info] [:] [WS] session closed: The WebSocket stream was gracefully closed at both endpoints [boost.beast.websocket:1 at C:/Users/wy331/Documents/UE5DroneControl-p5-1/Backend/build-p5/vcpkg_installed/x64-windows/include\boost/beast/websocket/impl/stream.hpp:377:9 in function 'void __cdecl boost::beast::websocket::stream<class boost::asio::basic_stream_socket<class boost::asio::ip::tcp,class boost::asio::any_io_executor>,1>::do_fail(unsigned short,class boost::system::error_code,class boost::system::error_code &)']
[2026-09-19 22:43:13.451] [info] [:] [WS] session closed: The WebSocket stream was gracefully closed at both endpoints [boost.beast.websocket:1 at C:/Users/wy331/Documents/UE5DroneControl-p5-1/Backend/build-p5/vcpkg_installed/x64-windows/include\boost/beast/websocket/impl/stream.hpp:377:9 in function 'void __cdecl boost::beast::websocket::stream<class boost::asio::basic_stream_socket<class boost::asio::ip::tcp,class boost::asio::any_io_executor>,1>::do_fail(unsigned short,class boost::system::error_code,class boost::system::error_code &)']
[2026-09-19 22:43:13.451] [info] [:] [WS] session closed: The WebSocket stream was gracefully closed at both endpoints [boost.beast.websocket:1 at C:/Users/wy331/Documents/UE5DroneControl-p5-1/Backend/build-p5/vcpkg_installed/x64-windows/include\boost/beast/websocket/impl/stream.hpp:377:9 in function 'void __cdecl boost::beast::websocket::stream<class boost::asio::basic_stream_socket<class boost::asio::ip::tcp,class boost::asio::any_io_executor>,1>::do_fail(unsigned short,class boost::system::error_code,class boost::system::error_code &)']
[2026-09-19 22:43:13.884] [info] [:] [WS] session closed: The WebSocket stream was gracefully closed at both endpoints [boost.beast.websocket:1 at C:/Users/wy331/Documents/UE5DroneControl-p5-1/Backend/build-p5/vcpkg_installed/x64-windows/include\boost/beast/websocket/impl/stream.hpp:377:9 in function 'void __cdecl boost::beast::websocket::stream<class boost::asio::basic_stream_socket<class boost::asio::ip::tcp,class boost::asio::any_io_executor>,1>::do_fail(unsigned short,class boost::system::error_code,class boost::system::error_code &)']
[2026-09-19 22:43:14.109] [info] [:] [WS] session closed: The WebSocket stream was gracefully closed at both endpoints [boost.beast.websocket:1 at C:/Users/wy331/Documents/UE5DroneControl-p5-1/Backend/build-p5/vcpkg_installed/x64-windows/include\boost/beast/websocket/impl/stream.hpp:377:9 in function 'void __cdecl boost::beast::websocket::stream<class boost::asio::basic_stream_socket<class boost::asio::ip::tcp,class boost::asio::any_io_executor>,1>::do_fail(unsigned short,class boost::system::error_code,class boost::system::error_code &)']
[2026-09-19 22:43:14.343] [info] [:] [WS] session closed: The WebSocket stream was gracefully closed at both endpoints [boost.beast.websocket:1 at C:/Users/wy331/Documents/UE5DroneControl-p5-1/Backend/build-p5/vcpkg_installed/x64-windows/include\boost/beast/websocket/impl/stream.hpp:377:9 in function 'void __cdecl boost::beast::websocket::stream<class boost::asio::basic_stream_socket<class boost::asio::ip::tcp,class boost::asio::any_io_executor>,1>::do_fail(unsigned short,class boost::system::error_code,class boost::system::error_code &)']
[2026-09-19 22:43:27.811] [info] [:] [WS] session closed: The WebSocket stream was gracefully closed at both endpoints [boost.beast.websocket:1 at C:/Users/wy331/Documents/UE5DroneControl-p5-1/Backend/build-p5/vcpkg_installed/x64-windows/include\boost/beast/websocket/impl/stream.hpp:377:9 in function 'void __cdecl boost::beast::websocket::stream<class boost::asio::basic_stream_socket<class boost::asio::ip::tcp,class boost::asio::any_io_executor>,1>::do_fail(unsigned short,class boost::system::error_code,class boost::system::error_code &)']
[2026-09-19 22:43:27.811] [info] [:] [WS] session closed: The WebSocket stream was gracefully closed at both endpoints [boost.beast.websocket:1 at C:/Users/wy331/Documents/UE5DroneControl-p5-1/Backend/build-p5/vcpkg_installed/x64-windows/include\boost/beast/websocket/impl/stream.hpp:377:9 in function 'void __cdecl boost::beast::websocket::stream<class boost::asio::basic_stream_socket<class boost::asio::ip::tcp,class boost::asio::any_io_executor>,1>::do_fail(unsigned short,class boost::system::error_code,class boost::system::error_code &)']
[2026-09-19 22:43:27.811] [info] [:] [WS] session closed: The WebSocket stream was gracefully closed at both endpoints [boost.beast.websocket:1 at C:/Users/wy331/Documents/UE5DroneControl-p5-1/Backend/build-p5/vcpkg_installed/x64-windows/include\boost/beast/websocket/impl/stream.hpp:377:9 in function 'void __cdecl boost::beast::websocket::stream<class boost::asio::basic_stream_socket<class boost::asio::ip::tcp,class boost::asio::any_io_executor>,1>::do_fail(unsigned short,class boost::system::error_code,class boost::system::error_code &)']
[2026-09-19 22:43:27.811] [info] [:] [WS] session closed: The WebSocket stream was gracefully closed at both endpoints [boost.beast.websocket:1 at C:/Users/wy331/Documents/UE5DroneControl-p5-1/Backend/build-p5/vcpkg_installed/x64-windows/include\boost/beast/websocket/impl/stream.hpp:377:9 in function 'void __cdecl boost::beast::websocket::stream<class boost::asio::basic_stream_socket<class boost::asio::ip::tcp,class boost::asio::any_io_executor>,1>::do_fail(unsigned short,class boost::system::error_code,class boost::system::error_code &)']
[2026-09-19 22:43:28.478] [info] [:] [WS] session closed: The WebSocket stream was gracefully closed at both endpoints [boost.beast.websocket:1 at C:/Users/wy331/Documents/UE5DroneControl-p5-1/Backend/build-p5/vcpkg_installed/x64-windows/include\boost/beast/websocket/impl/stream.hpp:377:9 in function 'void __cdecl boost::beast::websocket::stream<class boost::asio::basic_stream_socket<class boost::asio::ip::tcp,class boost::asio::any_io_executor>,1>::do_fail(unsigned short,class boost::system::error_code,class boost::system::error_code &)']
[2026-09-19 22:43:28.478] [info] [:] [WS] session closed: The WebSocket stream was gracefully closed at both endpoints [boost.beast.websocket:1 at C:/Users/wy331/Documents/UE5DroneControl-p5-1/Backend/build-p5/vcpkg_installed/x64-windows/include\boost/beast/websocket/impl/stream.hpp:377:9 in function 'void __cdecl boost::beast::websocket::stream<class boost::asio::basic_stream_socket<class boost::asio::ip::tcp,class boost::asio::any_io_executor>,1>::do_fail(unsigned short,class boost::system::error_code,class boost::system::error_code &)']
[2026-09-19 22:43:28.478] [info] [:] [WS] session closed: The WebSocket stream was gracefully closed at both endpoints [boost.beast.websocket:1 at C:/Users/wy331/Documents/UE5DroneControl-p5-1/Backend/build-p5/vcpkg_installed/x64-windows/include\boost/beast/websocket/impl/stream.hpp:377:9 in function 'void __cdecl boost::beast::websocket::stream<class boost::asio::basic_stream_socket<class boost::asio::ip::tcp,class boost::asio::any_io_executor>,1>::do_fail(unsigned short,class boost::system::error_code,class boost::system::error_code &)']
[2026-09-19 22:43:28.478] [info] [:] [WS] session closed: The WebSocket stream was gracefully closed at both endpoints [boost.beast.websocket:1 at C:/Users/wy331/Documents/UE5DroneControl-p5-1/Backend/build-p5/vcpkg_installed/x64-windows/include\boost/beast/websocket/impl/stream.hpp:377:9 in function 'void __cdecl boost::beast::websocket::stream<class boost::asio::basic_stream_socket<class boost::asio::ip::tcp,class boost::asio::any_io_executor>,1>::do_fail(unsigned short,class boost::system::error_code,class boost::system::error_code &)']
[2026-09-19 22:43:38.965] [info] [:] [WS] session closed: The WebSocket stream was gracefully closed at both endpoints [boost.beast.websocket:1 at C:/Users/wy331/Documents/UE5DroneControl-p5-1/Backend/build-p5/vcpkg_installed/x64-windows/include\boost/beast/websocket/impl/stream.hpp:377:9 in function 'void __cdecl boost::beast::websocket::stream<class boost::asio::basic_stream_socket<class boost::asio::ip::tcp,class boost::asio::any_io_executor>,1>::do_fail(unsigned short,class boost::system::error_code,class boost::system::error_code &)']
[2026-09-19 22:43:38.965] [info] [:] [WS] session closed: The WebSocket stream was gracefully closed at both endpoints [boost.beast.websocket:1 at C:/Users/wy331/Documents/UE5DroneControl-p5-1/Backend/build-p5/vcpkg_installed/x64-windows/include\boost/beast/websocket/impl/stream.hpp:377:9 in function 'void __cdecl boost::beast::websocket::stream<class boost::asio::basic_stream_socket<class boost::asio::ip::tcp,class boost::asio::any_io_executor>,1>::do_fail(unsigned short,class boost::system::error_code,class boost::system::error_code &)']
[2026-09-19 22:43:38.965] [info] [:] [WS] session closed: The WebSocket stream was gracefully closed at both endpoints [boost.beast.websocket:1 at C:/Users/wy331/Documents/UE5DroneControl-p5-1/Backend/build-p5/vcpkg_installed/x64-windows/include\boost/beast/websocket/impl/stream.hpp:377:9 in function 'void __cdecl boost::beast::websocket::stream<class boost::asio::basic_stream_socket<class boost::asio::ip::tcp,class boost::asio::any_io_executor>,1>::do_fail(unsigned short,class boost::system::error_code,class boost::system::error_code &)']
[2026-09-19 22:43:38.965] [info] [:] [WS] session closed: The WebSocket stream was gracefully closed at both endpoints [boost.beast.websocket:1 at C:/Users/wy331/Documents/UE5DroneControl-p5-1/Backend/build-p5/vcpkg_installed/x64-windows/include\boost/beast/websocket/impl/stream.hpp:377:9 in function 'void __cdecl boost::beast::websocket::stream<class boost::asio::basic_stream_socket<class boost::asio::ip::tcp,class boost::asio::any_io_executor>,1>::do_fail(unsigned short,class boost::system::error_code,class boost::system::error_code &)']
[2026-09-19 22:43:39.010] [info] Config loaded from 'C:\Users\wy331\Documents\UE5DroneControl-p5-2\Saved\P5.2-protocol-1789828970452522500\backend.yaml': 0 ports, 6 drones max
[2026-09-19 22:43:39.011] [info] Config validation passed (0 ports, 6 max drones)
[2026-09-19 22:43:39.011] [info] [:] Logger initialized. Level=info, File=backend.log
[2026-09-19 22:43:39.011] [info] [:] ============================================
[2026-09-19 22:43:39.011] [info] [:]   Drone Backend v1.0.0
[2026-09-19 22:43:39.011] [info] [:]   HTTP :19680  WS :19681
[2026-09-19 22:43:39.011] [info] [:] ============================================
[2026-09-19 22:43:39.012] [info] [:] [UdpSender] JSON protocol session_id=backend-1789829019011562-fd8b5b32
[2026-09-19 22:43:39.012] [info] [:] DroneManager created
[2026-09-19 22:43:39.014] [info] [:] Drone 1 added: slot=1 name=Mock UAV 01
[2026-09-19 22:43:39.014] [info] [:] Drone 2 added: slot=2 name=Mock UAV 02
[2026-09-19 22:43:39.014] [info] [:] Drone 3 added: slot=3 name=Mock UAV 03
[2026-09-19 22:43:39.014] [info] [:] Drone 4 added: slot=4 name=Mock UAV 04
[2026-09-19 22:43:39.014] [info] [:] [Storage] Loaded 4 drones from data/drones.json
[2026-09-19 22:43:39.014] [info] [:] Backend started. Press Ctrl+C to stop.
[DebugCLI] Started. Type 'help' for commands.
[2026-09-19 22:43:39.016] [info] [:] [HTTP] Listening on 0.0.0.0:19680
[2026-09-19 22:43:39.016] [info] [:] [WS] Listening on 0.0.0.0:19681
[2026-09-19 22:43:39.652] [info] [:] [WS] session closed: The WebSocket stream was gracefully closed at both endpoints [boost.beast.websocket:1 at C:/Users/wy331/Documents/UE5DroneControl-p5-1/Backend/build-p5/vcpkg_installed/x64-windows/include\boost/beast/websocket/impl/stream.hpp:377:9 in function 'void __cdecl boost::beast::websocket::stream<class boost::asio::basic_stream_socket<class boost::asio::ip::tcp,class boost::asio::any_io_executor>,1>::do_fail(unsigned short,class boost::system::error_code,class boost::system::error_code &)']
[2026-09-19 22:44:20.721] [info] [:] [WS] session closed: The WebSocket stream was gracefully closed at both endpoints [boost.beast.websocket:1 at C:/Users/wy331/Documents/UE5DroneControl-p5-1/Backend/build-p5/vcpkg_installed/x64-windows/include\boost/beast/websocket/impl/stream.hpp:377:9 in function 'void __cdecl boost::beast::websocket::stream<class boost::asio::basic_stream_socket<class boost::asio::ip::tcp,class boost::asio::any_io_executor>,1>::do_fail(unsigned short,class boost::system::error_code,class boost::system::error_code &)']
[2026-09-19 22:44:20.721] [info] [:] [WS] session closed: 远程主机强迫关闭了一个现有的连接。 [system:10054]
[2026-09-19 22:44:29.408] [info] [:] [WS] session closed: The WebSocket stream was gracefully closed at both endpoints [boost.beast.websocket:1 at C:/Users/wy331/Documents/UE5DroneControl-p5-1/Backend/build-p5/vcpkg_installed/x64-windows/include\boost/beast/websocket/impl/stream.hpp:377:9 in function 'void __cdecl boost::beast::websocket::stream<class boost::asio::basic_stream_socket<class boost::asio::ip::tcp,class boost::asio::any_io_executor>,1>::do_fail(unsigned short,class boost::system::error_code,class boost::system::error_code &)']
[2026-09-19 22:44:29.408] [info] [:] [WS] session closed: 远程主机强迫关闭了一个现有的连接。 [system:10054]
[2026-09-19 22:44:38.105] [info] [:] [WS] session closed: The WebSocket stream was gracefully closed at both endpoints [boost.beast.websocket:1 at C:/Users/wy331/Documents/UE5DroneControl-p5-1/Backend/build-p5/vcpkg_installed/x64-windows/include\boost/beast/websocket/impl/stream.hpp:377:9 in function 'void __cdecl boost::beast::websocket::stream<class boost::asio::basic_stream_socket<class boost::asio::ip::tcp,class boost::asio::any_io_executor>,1>::do_fail(unsigned short,class boost::system::error_code,class boost::system::error_code &)']
[2026-09-19 22:44:38.106] [info] [:] [WS] session closed: 远程主机强迫关闭了一个现有的连接。 [system:10054]
[2026-09-19 22:53:16.605] [info] Config loaded from 'C:\Users\wy331\Documents\UE5DroneControl-p5-2\Saved\P5.2-protocol-1789829596575765000\backend.yaml': 0 ports, 6 drones max
[2026-09-19 22:53:16.606] [info] Config validation passed (0 ports, 6 max drones)
[2026-09-19 22:53:16.606] [info] [:] Logger initialized. Level=info, File=backend.log
[2026-09-19 22:53:16.607] [info] [:] ============================================
[2026-09-19 22:53:16.607] [info] [:]   Drone Backend v1.0.0
[2026-09-19 22:53:16.607] [info] [:]   HTTP :19680  WS :19681
[2026-09-19 22:53:16.607] [info] [:] ============================================
[2026-09-19 22:53:16.608] [info] [:] [UdpSender] JSON protocol session_id=backend-1789829596607029-2e2cfee5
[2026-09-19 22:53:16.608] [info] [:] DroneManager created
[2026-09-19 22:53:16.610] [info] [:] Drone 1 added: slot=1 name=Mock UAV 01
[2026-09-19 22:53:16.610] [info] [:] Drone 2 added: slot=2 name=Mock UAV 02
[2026-09-19 22:53:16.610] [info] [:] Drone 3 added: slot=3 name=Mock UAV 03
[2026-09-19 22:53:16.610] [info] [:] Drone 4 added: slot=4 name=Mock UAV 04
[2026-09-19 22:53:16.610] [info] [:] [Storage] Loaded 4 drones from data/drones.json
[2026-09-19 22:53:16.610] [info] [:] Backend started. Press Ctrl+C to stop.
[DebugCLI] Started. Type 'help' for commands.
[2026-09-19 22:53:16.612] [info] [:] [WS] Listening on 0.0.0.0:19681
[2026-09-19 22:53:16.612] [info] [:] [HTTP] Listening on 0.0.0.0:19680
[2026-09-19 22:53:17.654] [info] [:] [WS] session closed: The WebSocket stream was gracefully closed at both endpoints [boost.beast.websocket:1 at C:/Users/wy331/Documents/UE5DroneControl-p5-1/Backend/build-p5/vcpkg_installed/x64-windows/include\boost/beast/websocket/impl/stream.hpp:377:9 in function 'void __cdecl boost::beast::websocket::stream<class boost::asio::basic_stream_socket<class boost::asio::ip::tcp,class boost::asio::any_io_executor>,1>::do_fail(unsigned short,class boost::system::error_code,class boost::system::error_code &)']
[2026-09-19 22:53:40.082] [info] [:] [WS] session closed: The WebSocket stream was gracefully closed at both endpoints [boost.beast.websocket:1 at C:/Users/wy331/Documents/UE5DroneControl-p5-1/Backend/build-p5/vcpkg_installed/x64-windows/include\boost/beast/websocket/impl/stream.hpp:377:9 in function 'void __cdecl boost::beast::websocket::stream<class boost::asio::basic_stream_socket<class boost::asio::ip::tcp,class boost::asio::any_io_executor>,1>::do_fail(unsigned short,class boost::system::error_code,class boost::system::error_code &)']
[2026-09-19 22:53:40.082] [info] [:] [WS] session closed: The WebSocket stream was gracefully closed at both endpoints [boost.beast.websocket:1 at C:/Users/wy331/Documents/UE5DroneControl-p5-1/Backend/build-p5/vcpkg_installed/x64-windows/include\boost/beast/websocket/impl/stream.hpp:377:9 in function 'void __cdecl boost::beast::websocket::stream<class boost::asio::basic_stream_socket<class boost::asio::ip::tcp,class boost::asio::any_io_executor>,1>::do_fail(unsigned short,class boost::system::error_code,class boost::system::error_code &)']
[2026-09-19 22:53:40.082] [info] [:] [WS] session closed: The WebSocket stream was gracefully closed at both endpoints [boost.beast.websocket:1 at C:/Users/wy331/Documents/UE5DroneControl-p5-1/Backend/build-p5/vcpkg_installed/x64-windows/include\boost/beast/websocket/impl/stream.hpp:377:9 in function 'void __cdecl boost::beast::websocket::stream<class boost::asio::basic_stream_socket<class boost::asio::ip::tcp,class boost::asio::any_io_executor>,1>::do_fail(unsigned short,class boost::system::error_code,class boost::system::error_code &)']
[2026-09-19 22:53:40.533] [info] [:] [WS] session closed: The WebSocket stream was gracefully closed at both endpoints [boost.beast.websocket:1 at C:/Users/wy331/Documents/UE5DroneControl-p5-1/Backend/build-p5/vcpkg_installed/x64-windows/include\boost/beast/websocket/impl/stream.hpp:377:9 in function 'void __cdecl boost::beast::websocket::stream<class boost::asio::basic_stream_socket<class boost::asio::ip::tcp,class boost::asio::any_io_executor>,1>::do_fail(unsigned short,class boost::system::error_code,class boost::system::error_code &)']
[2026-09-19 22:53:40.756] [info] [:] [WS] session closed: The WebSocket stream was gracefully closed at both endpoints [boost.beast.websocket:1 at C:/Users/wy331/Documents/UE5DroneControl-p5-1/Backend/build-p5/vcpkg_installed/x64-windows/include\boost/beast/websocket/impl/stream.hpp:377:9 in function 'void __cdecl boost::beast::websocket::stream<class boost::asio::basic_stream_socket<class boost::asio::ip::tcp,class boost::asio::any_io_executor>,1>::do_fail(unsigned short,class boost::system::error_code,class boost::system::error_code &)']
[2026-09-19 22:53:40.986] [info] [:] [WS] session closed: The WebSocket stream was gracefully closed at both endpoints [boost.beast.websocket:1 at C:/Users/wy331/Documents/UE5DroneControl-p5-1/Backend/build-p5/vcpkg_installed/x64-windows/include\boost/beast/websocket/impl/stream.hpp:377:9 in function 'void __cdecl boost::beast::websocket::stream<class boost::asio::basic_stream_socket<class boost::asio::ip::tcp,class boost::asio::any_io_executor>,1>::do_fail(unsigned short,class boost::system::error_code,class boost::system::error_code &)']
[2026-09-19 22:53:53.712] [info] [:] [WS] session closed: The WebSocket stream was gracefully closed at both endpoints [boost.beast.websocket:1 at C:/Users/wy331/Documents/UE5DroneControl-p5-1/Backend/build-p5/vcpkg_installed/x64-windows/include\boost/beast/websocket/impl/stream.hpp:377:9 in function 'void __cdecl boost::beast::websocket::stream<class boost::asio::basic_stream_socket<class boost::asio::ip::tcp,class boost::asio::any_io_executor>,1>::do_fail(unsigned short,class boost::system::error_code,class boost::system::error_code &)']
[2026-09-19 22:53:53.712] [info] [:] [WS] session closed: The WebSocket stream was gracefully closed at both endpoints [boost.beast.websocket:1 at C:/Users/wy331/Documents/UE5DroneControl-p5-1/Backend/build-p5/vcpkg_installed/x64-windows/include\boost/beast/websocket/impl/stream.hpp:377:9 in function 'void __cdecl boost::beast::websocket::stream<class boost::asio::basic_stream_socket<class boost::asio::ip::tcp,class boost::asio::any_io_executor>,1>::do_fail(unsigned short,class boost::system::error_code,class boost::system::error_code &)']
[2026-09-19 22:53:53.712] [info] [:] [WS] session closed: The WebSocket stream was gracefully closed at both endpoints [boost.beast.websocket:1 at C:/Users/wy331/Documents/UE5DroneControl-p5-1/Backend/build-p5/vcpkg_installed/x64-windows/include\boost/beast/websocket/impl/stream.hpp:377:9 in function 'void __cdecl boost::beast::websocket::stream<class boost::asio::basic_stream_socket<class boost::asio::ip::tcp,class boost::asio::any_io_executor>,1>::do_fail(unsigned short,class boost::system::error_code,class boost::system::error_code &)']
[2026-09-19 22:53:53.712] [info] [:] [WS] session closed: The WebSocket stream was gracefully closed at both endpoints [boost.beast.websocket:1 at C:/Users/wy331/Documents/UE5DroneControl-p5-1/Backend/build-p5/vcpkg_installed/x64-windows/include\boost/beast/websocket/impl/stream.hpp:377:9 in function 'void __cdecl boost::beast::websocket::stream<class boost::asio::basic_stream_socket<class boost::asio::ip::tcp,class boost::asio::any_io_executor>,1>::do_fail(unsigned short,class boost::system::error_code,class boost::system::error_code &)']
[2026-09-19 22:53:54.364] [info] [:] [WS] session closed: The WebSocket stream was gracefully closed at both endpoints [boost.beast.websocket:1 at C:/Users/wy331/Documents/UE5DroneControl-p5-1/Backend/build-p5/vcpkg_installed/x64-windows/include\boost/beast/websocket/impl/stream.hpp:377:9 in function 'void __cdecl boost::beast::websocket::stream<class boost::asio::basic_stream_socket<class boost::asio::ip::tcp,class boost::asio::any_io_executor>,1>::do_fail(unsigned short,class boost::system::error_code,class boost::system::error_code &)']
[2026-09-19 22:53:54.364] [info] [:] [WS] session closed: The WebSocket stream was gracefully closed at both endpoints [boost.beast.websocket:1 at C:/Users/wy331/Documents/UE5DroneControl-p5-1/Backend/build-p5/vcpkg_installed/x64-windows/include\boost/beast/websocket/impl/stream.hpp:377:9 in function 'void __cdecl boost::beast::websocket::stream<class boost::asio::basic_stream_socket<class boost::asio::ip::tcp,class boost::asio::any_io_executor>,1>::do_fail(unsigned short,class boost::system::error_code,class boost::system::error_code &)']
[2026-09-19 22:53:54.364] [info] [:] [WS] session closed: The WebSocket stream was gracefully closed at both endpoints [boost.beast.websocket:1 at C:/Users/wy331/Documents/UE5DroneControl-p5-1/Backend/build-p5/vcpkg_installed/x64-windows/include\boost/beast/websocket/impl/stream.hpp:377:9 in function 'void __cdecl boost::beast::websocket::stream<class boost::asio::basic_stream_socket<class boost::asio::ip::tcp,class boost::asio::any_io_executor>,1>::do_fail(unsigned short,class boost::system::error_code,class boost::system::error_code &)']
[2026-09-19 22:53:54.364] [info] [:] [WS] session closed: The WebSocket stream was gracefully closed at both endpoints [boost.beast.websocket:1 at C:/Users/wy331/Documents/UE5DroneControl-p5-1/Backend/build-p5/vcpkg_installed/x64-windows/include\boost/beast/websocket/impl/stream.hpp:377:9 in function 'void __cdecl boost::beast::websocket::stream<class boost::asio::basic_stream_socket<class boost::asio::ip::tcp,class boost::asio::any_io_executor>,1>::do_fail(unsigned short,class boost::system::error_code,class boost::system::error_code &)']
[2026-09-19 22:54:04.632] [info] [:] [WS] session closed: The WebSocket stream was gracefully closed at both endpoints [boost.beast.websocket:1 at C:/Users/wy331/Documents/UE5DroneControl-p5-1/Backend/build-p5/vcpkg_installed/x64-windows/include\boost/beast/websocket/impl/stream.hpp:377:9 in function 'void __cdecl boost::beast::websocket::stream<class boost::asio::basic_stream_socket<class boost::asio::ip::tcp,class boost::asio::any_io_executor>,1>::do_fail(unsigned short,class boost::system::error_code,class boost::system::error_code &)']
[2026-09-19 22:54:04.633] [info] [:] [WS] session closed: The WebSocket stream was gracefully closed at both endpoints [boost.beast.websocket:1 at C:/Users/wy331/Documents/UE5DroneControl-p5-1/Backend/build-p5/vcpkg_installed/x64-windows/include\boost/beast/websocket/impl/stream.hpp:377:9 in function 'void __cdecl boost::beast::websocket::stream<class boost::asio::basic_stream_socket<class boost::asio::ip::tcp,class boost::asio::any_io_executor>,1>::do_fail(unsigned short,class boost::system::error_code,class boost::system::error_code &)']
[2026-09-19 22:54:04.633] [info] [:] [WS] session closed: The WebSocket stream was gracefully closed at both endpoints [boost.beast.websocket:1 at C:/Users/wy331/Documents/UE5DroneControl-p5-1/Backend/build-p5/vcpkg_installed/x64-windows/include\boost/beast/websocket/impl/stream.hpp:377:9 in function 'void __cdecl boost::beast::websocket::stream<class boost::asio::basic_stream_socket<class boost::asio::ip::tcp,class boost::asio::any_io_executor>,1>::do_fail(unsigned short,class boost::system::error_code,class boost::system::error_code &)']
[2026-09-19 22:54:04.633] [info] [:] [WS] session closed: The WebSocket stream was gracefully closed at both endpoints [boost.beast.websocket:1 at C:/Users/wy331/Documents/UE5DroneControl-p5-1/Backend/build-p5/vcpkg_installed/x64-windows/include\boost/beast/websocket/impl/stream.hpp:377:9 in function 'void __cdecl boost::beast::websocket::stream<class boost::asio::basic_stream_socket<class boost::asio::ip::tcp,class boost::asio::any_io_executor>,1>::do_fail(unsigned short,class boost::system::error_code,class boost::system::error_code &)']
[2026-09-19 22:54:04.675] [info] Config loaded from 'C:\Users\wy331\Documents\UE5DroneControl-p5-2\Saved\P5.2-protocol-1789829596575765000\backend.yaml': 0 ports, 6 drones max
[2026-09-19 22:54:04.675] [info] Config validation passed (0 ports, 6 max drones)
[2026-09-19 22:54:04.675] [info] [:] Logger initialized. Level=info, File=backend.log
[2026-09-19 22:54:04.675] [info] [:] ============================================
[2026-09-19 22:54:04.675] [info] [:]   Drone Backend v1.0.0
[2026-09-19 22:54:04.675] [info] [:]   HTTP :19680  WS :19681
[2026-09-19 22:54:04.675] [info] [:] ============================================
[2026-09-19 22:54:04.677] [info] [:] [UdpSender] JSON protocol session_id=backend-1789829644675933-e23d624d
[2026-09-19 22:54:04.677] [info] [:] DroneManager created
[2026-09-19 22:54:04.680] [info] [:] Drone 1 added: slot=1 name=Mock UAV 01
[2026-09-19 22:54:04.680] [info] [:] Drone 2 added: slot=2 name=Mock UAV 02
[2026-09-19 22:54:04.680] [info] [:] Drone 3 added: slot=3 name=Mock UAV 03
[2026-09-19 22:54:04.680] [info] [:] Drone 4 added: slot=4 name=Mock UAV 04
[2026-09-19 22:54:04.680] [info] [:] [Storage] Loaded 4 drones from data/drones.json
[2026-09-19 22:54:04.680] [info] [:] Backend started. Press Ctrl+C to stop.
[DebugCLI] Started. Type 'help' for commands.
[2026-09-19 22:54:04.681] [info] [:] [WS] Listening on 0.0.0.0:19681
[2026-09-19 22:54:04.681] [info] [:] [HTTP] Listening on 0.0.0.0:19680
[2026-09-19 22:54:05.319] [info] [:] [WS] session closed: The WebSocket stream was gracefully closed at both endpoints [boost.beast.websocket:1 at C:/Users/wy331/Documents/UE5DroneControl-p5-1/Backend/build-p5/vcpkg_installed/x64-windows/include\boost/beast/websocket/impl/stream.hpp:377:9 in function 'void __cdecl boost::beast::websocket::stream<class boost::asio::basic_stream_socket<class boost::asio::ip::tcp,class boost::asio::any_io_executor>,1>::do_fail(unsigned short,class boost::system::error_code,class boost::system::error_code &)']
[2026-09-19 22:54:44.212] [info] [:] [WS] session closed: 远程主机强迫关闭了一个现有的连接。 [system:10054]
[2026-09-19 22:54:44.212] [info] [:] [WS] session closed: 远程主机强迫关闭了一个现有的连接。 [system:10054]
[2026-09-19 22:54:51.321] [info] [:] [WS] session closed: 远程主机强迫关闭了一个现有的连接。 [system:10054]
[2026-09-19 22:55:45.549] [info] Config loaded from 'C:\Users\wy331\Documents\UE5DroneControl-p5-2\Saved\P5.2-protocol-1789829745521299500\backend.yaml': 0 ports, 6 drones max
[2026-09-19 22:55:45.550] [info] Config validation passed (0 ports, 6 max drones)
[2026-09-19 22:55:45.550] [info] [:] Logger initialized. Level=info, File=backend.log
[2026-09-19 22:55:45.550] [info] [:] ============================================
[2026-09-19 22:55:45.550] [info] [:]   Drone Backend v1.0.0
[2026-09-19 22:55:45.550] [info] [:]   HTTP :19680  WS :19681
[2026-09-19 22:55:45.550] [info] [:] ============================================
[2026-09-19 22:55:45.551] [info] [:] [UdpSender] JSON protocol session_id=backend-1789829745550516-caa06b96
[2026-09-19 22:55:45.551] [info] [:] DroneManager created
[2026-09-19 22:55:45.553] [info] [:] Drone 1 added: slot=1 name=Mock UAV 01
[2026-09-19 22:55:45.553] [info] [:] Drone 2 added: slot=2 name=Mock UAV 02
[2026-09-19 22:55:45.553] [info] [:] Drone 3 added: slot=3 name=Mock UAV 03
[2026-09-19 22:55:45.553] [info] [:] Drone 4 added: slot=4 name=Mock UAV 04
[2026-09-19 22:55:45.553] [info] [:] [Storage] Loaded 4 drones from data/drones.json
[2026-09-19 22:55:45.554] [info] [:] Backend started. Press Ctrl+C to stop.
[DebugCLI] Started. Type 'help' for commands.
[2026-09-19 22:55:45.555] [info] [:] [WS] Listening on 0.0.0.0:19681
[2026-09-19 22:55:45.555] [info] [:] [HTTP] Listening on 0.0.0.0:19680
[2026-09-19 22:55:46.097] [info] [:] [WS] session closed: The WebSocket stream was gracefully closed at both endpoints [boost.beast.websocket:1 at C:/Users/wy331/Documents/UE5DroneControl-p5-1/Backend/build-p5/vcpkg_installed/x64-windows/include\boost/beast/websocket/impl/stream.hpp:377:9 in function 'void __cdecl boost::beast::websocket::stream<class boost::asio::basic_stream_socket<class boost::asio::ip::tcp,class boost::asio::any_io_executor>,1>::do_fail(unsigned short,class boost::system::error_code,class boost::system::error_code &)']
[2026-09-19 22:56:08.541] [info] [:] [WS] session closed: The WebSocket stream was gracefully closed at both endpoints [boost.beast.websocket:1 at C:/Users/wy331/Documents/UE5DroneControl-p5-1/Backend/build-p5/vcpkg_installed/x64-windows/include\boost/beast/websocket/impl/stream.hpp:377:9 in function 'void __cdecl boost::beast::websocket::stream<class boost::asio::basic_stream_socket<class boost::asio::ip::tcp,class boost::asio::any_io_executor>,1>::do_fail(unsigned short,class boost::system::error_code,class boost::system::error_code &)']
[2026-09-19 22:56:08.541] [info] [:] [WS] session closed: The WebSocket stream was gracefully closed at both endpoints [boost.beast.websocket:1 at C:/Users/wy331/Documents/UE5DroneControl-p5-1/Backend/build-p5/vcpkg_installed/x64-windows/include\boost/beast/websocket/impl/stream.hpp:377:9 in function 'void __cdecl boost::beast::websocket::stream<class boost::asio::basic_stream_socket<class boost::asio::ip::tcp,class boost::asio::any_io_executor>,1>::do_fail(unsigned short,class boost::system::error_code,class boost::system::error_code &)']
[2026-09-19 22:56:08.541] [info] [:] [WS] session closed: The WebSocket stream was gracefully closed at both endpoints [boost.beast.websocket:1 at C:/Users/wy331/Documents/UE5DroneControl-p5-1/Backend/build-p5/vcpkg_installed/x64-windows/include\boost/beast/websocket/impl/stream.hpp:377:9 in function 'void __cdecl boost::beast::websocket::stream<class boost::asio::basic_stream_socket<class boost::asio::ip::tcp,class boost::asio::any_io_executor>,1>::do_fail(unsigned short,class boost::system::error_code,class boost::system::error_code &)']
[2026-09-19 22:56:08.988] [info] [:] [WS] session closed: The WebSocket stream was gracefully closed at both endpoints [boost.beast.websocket:1 at C:/Users/wy331/Documents/UE5DroneControl-p5-1/Backend/build-p5/vcpkg_installed/x64-windows/include\boost/beast/websocket/impl/stream.hpp:377:9 in function 'void __cdecl boost::beast::websocket::stream<class boost::asio::basic_stream_socket<class boost::asio::ip::tcp,class boost::asio::any_io_executor>,1>::do_fail(unsigned short,class boost::system::error_code,class boost::system::error_code &)']
[2026-09-19 22:56:09.213] [info] [:] [WS] session closed: The WebSocket stream was gracefully closed at both endpoints [boost.beast.websocket:1 at C:/Users/wy331/Documents/UE5DroneControl-p5-1/Backend/build-p5/vcpkg_installed/x64-windows/include\boost/beast/websocket/impl/stream.hpp:377:9 in function 'void __cdecl boost::beast::websocket::stream<class boost::asio::basic_stream_socket<class boost::asio::ip::tcp,class boost::asio::any_io_executor>,1>::do_fail(unsigned short,class boost::system::error_code,class boost::system::error_code &)']
[2026-09-19 22:56:09.441] [info] [:] [WS] session closed: The WebSocket stream was gracefully closed at both endpoints [boost.beast.websocket:1 at C:/Users/wy331/Documents/UE5DroneControl-p5-1/Backend/build-p5/vcpkg_installed/x64-windows/include\boost/beast/websocket/impl/stream.hpp:377:9 in function 'void __cdecl boost::beast::websocket::stream<class boost::asio::basic_stream_socket<class boost::asio::ip::tcp,class boost::asio::any_io_executor>,1>::do_fail(unsigned short,class boost::system::error_code,class boost::system::error_code &)']
[2026-09-19 22:56:22.763] [info] [:] [WS] session closed: The WebSocket stream was gracefully closed at both endpoints [boost.beast.websocket:1 at C:/Users/wy331/Documents/UE5DroneControl-p5-1/Backend/build-p5/vcpkg_installed/x64-windows/include\boost/beast/websocket/impl/stream.hpp:377:9 in function 'void __cdecl boost::beast::websocket::stream<class boost::asio::basic_stream_socket<class boost::asio::ip::tcp,class boost::asio::any_io_executor>,1>::do_fail(unsigned short,class boost::system::error_code,class boost::system::error_code &)']
[2026-09-19 22:56:22.763] [info] [:] [WS] session closed: The WebSocket stream was gracefully closed at both endpoints [boost.beast.websocket:1 at C:/Users/wy331/Documents/UE5DroneControl-p5-1/Backend/build-p5/vcpkg_installed/x64-windows/include\boost/beast/websocket/impl/stream.hpp:377:9 in function 'void __cdecl boost::beast::websocket::stream<class boost::asio::basic_stream_socket<class boost::asio::ip::tcp,class boost::asio::any_io_executor>,1>::do_fail(unsigned short,class boost::system::error_code,class boost::system::error_code &)']
[2026-09-19 22:56:22.763] [info] [:] [WS] session closed: The WebSocket stream was gracefully closed at both endpoints [boost.beast.websocket:1 at C:/Users/wy331/Documents/UE5DroneControl-p5-1/Backend/build-p5/vcpkg_installed/x64-windows/include\boost/beast/websocket/impl/stream.hpp:377:9 in function 'void __cdecl boost::beast::websocket::stream<class boost::asio::basic_stream_socket<class boost::asio::ip::tcp,class boost::asio::any_io_executor>,1>::do_fail(unsigned short,class boost::system::error_code,class boost::system::error_code &)']
[2026-09-19 22:56:22.763] [info] [:] [WS] session closed: The WebSocket stream was gracefully closed at both endpoints [boost.beast.websocket:1 at C:/Users/wy331/Documents/UE5DroneControl-p5-1/Backend/build-p5/vcpkg_installed/x64-windows/include\boost/beast/websocket/impl/stream.hpp:377:9 in function 'void __cdecl boost::beast::websocket::stream<class boost::asio::basic_stream_socket<class boost::asio::ip::tcp,class boost::asio::any_io_executor>,1>::do_fail(unsigned short,class boost::system::error_code,class boost::system::error_code &)']
[2026-09-19 22:56:23.378] [info] [:] [WS] session closed: The WebSocket stream was gracefully closed at both endpoints [boost.beast.websocket:1 at C:/Users/wy331/Documents/UE5DroneControl-p5-1/Backend/build-p5/vcpkg_installed/x64-windows/include\boost/beast/websocket/impl/stream.hpp:377:9 in function 'void __cdecl boost::beast::websocket::stream<class boost::asio::basic_stream_socket<class boost::asio::ip::tcp,class boost::asio::any_io_executor>,1>::do_fail(unsigned short,class boost::system::error_code,class boost::system::error_code &)']
[2026-09-19 22:56:23.378] [info] [:] [WS] session closed: The WebSocket stream was gracefully closed at both endpoints [boost.beast.websocket:1 at C:/Users/wy331/Documents/UE5DroneControl-p5-1/Backend/build-p5/vcpkg_installed/x64-windows/include\boost/beast/websocket/impl/stream.hpp:377:9 in function 'void __cdecl boost::beast::websocket::stream<class boost::asio::basic_stream_socket<class boost::asio::ip::tcp,class boost::asio::any_io_executor>,1>::do_fail(unsigned short,class boost::system::error_code,class boost::system::error_code &)']
[2026-09-19 22:56:23.378] [info] [:] [WS] session closed: The WebSocket stream was gracefully closed at both endpoints [boost.beast.websocket:1 at C:/Users/wy331/Documents/UE5DroneControl-p5-1/Backend/build-p5/vcpkg_installed/x64-windows/include\boost/beast/websocket/impl/stream.hpp:377:9 in function 'void __cdecl boost::beast::websocket::stream<class boost::asio::basic_stream_socket<class boost::asio::ip::tcp,class boost::asio::any_io_executor>,1>::do_fail(unsigned short,class boost::system::error_code,class boost::system::error_code &)']
[2026-09-19 22:56:23.378] [info] [:] [WS] session closed: The WebSocket stream was gracefully closed at both endpoints [boost.beast.websocket:1 at C:/Users/wy331/Documents/UE5DroneControl-p5-1/Backend/build-p5/vcpkg_installed/x64-windows/include\boost/beast/websocket/impl/stream.hpp:377:9 in function 'void __cdecl boost::beast::websocket::stream<class boost::asio::basic_stream_socket<class boost::asio::ip::tcp,class boost::asio::any_io_executor>,1>::do_fail(unsigned short,class boost::system::error_code,class boost::system::error_code &)']
[2026-09-19 22:56:33.579] [info] [:] [WS] session closed: The WebSocket stream was gracefully closed at both endpoints [boost.beast.websocket:1 at C:/Users/wy331/Documents/UE5DroneControl-p5-1/Backend/build-p5/vcpkg_installed/x64-windows/include\boost/beast/websocket/impl/stream.hpp:377:9 in function 'void __cdecl boost::beast::websocket::stream<class boost::asio::basic_stream_socket<class boost::asio::ip::tcp,class boost::asio::any_io_executor>,1>::do_fail(unsigned short,class boost::system::error_code,class boost::system::error_code &)']
[2026-09-19 22:56:33.579] [info] [:] [WS] session closed: The WebSocket stream was gracefully closed at both endpoints [boost.beast.websocket:1 at C:/Users/wy331/Documents/UE5DroneControl-p5-1/Backend/build-p5/vcpkg_installed/x64-windows/include\boost/beast/websocket/impl/stream.hpp:377:9 in function 'void __cdecl boost::beast::websocket::stream<class boost::asio::basic_stream_socket<class boost::asio::ip::tcp,class boost::asio::any_io_executor>,1>::do_fail(unsigned short,class boost::system::error_code,class boost::system::error_code &)']
[2026-09-19 22:56:33.579] [info] [:] [WS] session closed: The WebSocket stream was gracefully closed at both endpoints [boost.beast.websocket:1 at C:/Users/wy331/Documents/UE5DroneControl-p5-1/Backend/build-p5/vcpkg_installed/x64-windows/include\boost/beast/websocket/impl/stream.hpp:377:9 in function 'void __cdecl boost::beast::websocket::stream<class boost::asio::basic_stream_socket<class boost::asio::ip::tcp,class boost::asio::any_io_executor>,1>::do_fail(unsigned short,class boost::system::error_code,class boost::system::error_code &)']
[2026-09-19 22:56:33.579] [info] [:] [WS] session closed: The WebSocket stream was gracefully closed at both endpoints [boost.beast.websocket:1 at C:/Users/wy331/Documents/UE5DroneControl-p5-1/Backend/build-p5/vcpkg_installed/x64-windows/include\boost/beast/websocket/impl/stream.hpp:377:9 in function 'void __cdecl boost::beast::websocket::stream<class boost::asio::basic_stream_socket<class boost::asio::ip::tcp,class boost::asio::any_io_executor>,1>::do_fail(unsigned short,class boost::system::error_code,class boost::system::error_code &)']
[2026-09-19 22:56:33.632] [info] Config loaded from 'C:\Users\wy331\Documents\UE5DroneControl-p5-2\Saved\P5.2-protocol-1789829745521299500\backend.yaml': 0 ports, 6 drones max
[2026-09-19 22:56:33.633] [info] Config validation passed (0 ports, 6 max drones)
[2026-09-19 22:56:33.633] [info] [:] Logger initialized. Level=info, File=backend.log
[2026-09-19 22:56:33.633] [info] [:] ============================================
[2026-09-19 22:56:33.633] [info] [:]   Drone Backend v1.0.0
[2026-09-19 22:56:33.633] [info] [:]   HTTP :19680  WS :19681
[2026-09-19 22:56:33.633] [info] [:] ============================================
[2026-09-19 22:56:33.634] [info] [:] [UdpSender] JSON protocol session_id=backend-1789829793633720-69973e8e
[2026-09-19 22:56:33.634] [info] [:] DroneManager created
[2026-09-19 22:56:33.636] [info] [:] Drone 1 added: slot=1 name=Mock UAV 01
[2026-09-19 22:56:33.636] [info] [:] Drone 2 added: slot=2 name=Mock UAV 02
[2026-09-19 22:56:33.636] [info] [:] Drone 3 added: slot=3 name=Mock UAV 03
[2026-09-19 22:56:33.636] [info] [:] Drone 4 added: slot=4 name=Mock UAV 04
[2026-09-19 22:56:33.636] [info] [:] [Storage] Loaded 4 drones from data/drones.json
[2026-09-19 22:56:33.636] [info] [:] Backend started. Press Ctrl+C to stop.
[DebugCLI] Started. Type 'help' for commands.
[2026-09-19 22:56:33.640] [info] [:] [HTTP] Listening on 0.0.0.0:19680
[2026-09-19 22:56:33.640] [info] [:] [WS] Listening on 0.0.0.0:19681
[2026-09-19 22:56:34.255] [info] [:] [WS] session closed: The WebSocket stream was gracefully closed at both endpoints [boost.beast.websocket:1 at C:/Users/wy331/Documents/UE5DroneControl-p5-1/Backend/build-p5/vcpkg_installed/x64-windows/include\boost/beast/websocket/impl/stream.hpp:377:9 in function 'void __cdecl boost::beast::websocket::stream<class boost::asio::basic_stream_socket<class boost::asio::ip::tcp,class boost::asio::any_io_executor>,1>::do_fail(unsigned short,class boost::system::error_code,class boost::system::error_code &)']
[2026-09-19 22:57:12.550] [info] [:] [WS] session closed: The WebSocket stream was gracefully closed at both endpoints [boost.beast.websocket:1 at C:/Users/wy331/Documents/UE5DroneControl-p5-1/Backend/build-p5/vcpkg_installed/x64-windows/include\boost/beast/websocket/impl/stream.hpp:377:9 in function 'void __cdecl boost::beast::websocket::stream<class boost::asio::basic_stream_socket<class boost::asio::ip::tcp,class boost::asio::any_io_executor>,1>::do_fail(unsigned short,class boost::system::error_code,class boost::system::error_code &)']
[2026-09-19 22:57:12.550] [info] [:] [WS] session closed: 远程主机强迫关闭了一个现有的连接。 [system:10054]
[2026-09-19 22:57:17.478] [info] [:] [WS] session closed: 远程主机强迫关闭了一个现有的连接。 [system:10054]
[2026-09-19 22:58:33.446] [info] Config loaded from 'C:\Users\wy331\Documents\UE5DroneControl-p5-2\Saved\P5.2-protocol-1789829913416625600\backend.yaml': 0 ports, 6 drones max
[2026-09-19 22:58:33.446] [info] Config validation passed (0 ports, 6 max drones)
[2026-09-19 22:58:33.447] [info] [:] Logger initialized. Level=info, File=backend.log
[2026-09-19 22:58:33.447] [info] [:] ============================================
[2026-09-19 22:58:33.447] [info] [:]   Drone Backend v1.0.0
[2026-09-19 22:58:33.447] [info] [:]   HTTP :19680  WS :19681
[2026-09-19 22:58:33.447] [info] [:] ============================================
[2026-09-19 22:58:33.448] [info] [:] [UdpSender] JSON protocol session_id=backend-1789829913447262-4fb68370
[2026-09-19 22:58:33.448] [info] [:] DroneManager created
[2026-09-19 22:58:33.450] [info] [:] Drone 1 added: slot=1 name=Mock UAV 01
[2026-09-19 22:58:33.450] [info] [:] Drone 2 added: slot=2 name=Mock UAV 02
[2026-09-19 22:58:33.450] [info] [:] Drone 3 added: slot=3 name=Mock UAV 03
[2026-09-19 22:58:33.450] [info] [:] Drone 4 added: slot=4 name=Mock UAV 04
[2026-09-19 22:58:33.450] [info] [:] [Storage] Loaded 4 drones from data/drones.json
[2026-09-19 22:58:33.450] [info] [:] Backend started. Press Ctrl+C to stop.
[DebugCLI] Started. Type 'help' for commands.
[2026-09-19 22:58:33.452] [info] [:] [HTTP] Listening on 0.0.0.0:19680
[2026-09-19 22:58:33.452] [info] [:] [WS] Listening on 0.0.0.0:19681
[2026-09-19 22:58:34.005] [info] [:] [WS] session closed: The WebSocket stream was gracefully closed at both endpoints [boost.beast.websocket:1 at C:/Users/wy331/Documents/UE5DroneControl-p5-1/Backend/build-p5/vcpkg_installed/x64-windows/include\boost/beast/websocket/impl/stream.hpp:377:9 in function 'void __cdecl boost::beast::websocket::stream<class boost::asio::basic_stream_socket<class boost::asio::ip::tcp,class boost::asio::any_io_executor>,1>::do_fail(unsigned short,class boost::system::error_code,class boost::system::error_code &)']
[2026-09-19 22:58:56.439] [info] [:] [WS] session closed: The WebSocket stream was gracefully closed at both endpoints [boost.beast.websocket:1 at C:/Users/wy331/Documents/UE5DroneControl-p5-1/Backend/build-p5/vcpkg_installed/x64-windows/include\boost/beast/websocket/impl/stream.hpp:377:9 in function 'void __cdecl boost::beast::websocket::stream<class boost::asio::basic_stream_socket<class boost::asio::ip::tcp,class boost::asio::any_io_executor>,1>::do_fail(unsigned short,class boost::system::error_code,class boost::system::error_code &)']
[2026-09-19 22:58:56.439] [info] [:] [WS] session closed: The WebSocket stream was gracefully closed at both endpoints [boost.beast.websocket:1 at C:/Users/wy331/Documents/UE5DroneControl-p5-1/Backend/build-p5/vcpkg_installed/x64-windows/include\boost/beast/websocket/impl/stream.hpp:377:9 in function 'void __cdecl boost::beast::websocket::stream<class boost::asio::basic_stream_socket<class boost::asio::ip::tcp,class boost::asio::any_io_executor>,1>::do_fail(unsigned short,class boost::system::error_code,class boost::system::error_code &)']
[2026-09-19 22:58:56.439] [info] [:] [WS] session closed: The WebSocket stream was gracefully closed at both endpoints [boost.beast.websocket:1 at C:/Users/wy331/Documents/UE5DroneControl-p5-1/Backend/build-p5/vcpkg_installed/x64-windows/include\boost/beast/websocket/impl/stream.hpp:377:9 in function 'void __cdecl boost::beast::websocket::stream<class boost::asio::basic_stream_socket<class boost::asio::ip::tcp,class boost::asio::any_io_executor>,1>::do_fail(unsigned short,class boost::system::error_code,class boost::system::error_code &)']
[2026-09-19 22:58:56.885] [info] [:] [WS] session closed: The WebSocket stream was gracefully closed at both endpoints [boost.beast.websocket:1 at C:/Users/wy331/Documents/UE5DroneControl-p5-1/Backend/build-p5/vcpkg_installed/x64-windows/include\boost/beast/websocket/impl/stream.hpp:377:9 in function 'void __cdecl boost::beast::websocket::stream<class boost::asio::basic_stream_socket<class boost::asio::ip::tcp,class boost::asio::any_io_executor>,1>::do_fail(unsigned short,class boost::system::error_code,class boost::system::error_code &)']
[2026-09-19 22:58:57.109] [info] [:] [WS] session closed: The WebSocket stream was gracefully closed at both endpoints [boost.beast.websocket:1 at C:/Users/wy331/Documents/UE5DroneControl-p5-1/Backend/build-p5/vcpkg_installed/x64-windows/include\boost/beast/websocket/impl/stream.hpp:377:9 in function 'void __cdecl boost::beast::websocket::stream<class boost::asio::basic_stream_socket<class boost::asio::ip::tcp,class boost::asio::any_io_executor>,1>::do_fail(unsigned short,class boost::system::error_code,class boost::system::error_code &)']
[2026-09-19 22:58:57.343] [info] [:] [WS] session closed: The WebSocket stream was gracefully closed at both endpoints [boost.beast.websocket:1 at C:/Users/wy331/Documents/UE5DroneControl-p5-1/Backend/build-p5/vcpkg_installed/x64-windows/include\boost/beast/websocket/impl/stream.hpp:377:9 in function 'void __cdecl boost::beast::websocket::stream<class boost::asio::basic_stream_socket<class boost::asio::ip::tcp,class boost::asio::any_io_executor>,1>::do_fail(unsigned short,class boost::system::error_code,class boost::system::error_code &)']
[2026-09-19 22:59:10.622] [info] [:] [WS] session closed: The WebSocket stream was gracefully closed at both endpoints [boost.beast.websocket:1 at C:/Users/wy331/Documents/UE5DroneControl-p5-1/Backend/build-p5/vcpkg_installed/x64-windows/include\boost/beast/websocket/impl/stream.hpp:377:9 in function 'void __cdecl boost::beast::websocket::stream<class boost::asio::basic_stream_socket<class boost::asio::ip::tcp,class boost::asio::any_io_executor>,1>::do_fail(unsigned short,class boost::system::error_code,class boost::system::error_code &)']
[2026-09-19 22:59:10.622] [info] [:] [WS] session closed: The WebSocket stream was gracefully closed at both endpoints [boost.beast.websocket:1 at C:/Users/wy331/Documents/UE5DroneControl-p5-1/Backend/build-p5/vcpkg_installed/x64-windows/include\boost/beast/websocket/impl/stream.hpp:377:9 in function 'void __cdecl boost::beast::websocket::stream<class boost::asio::basic_stream_socket<class boost::asio::ip::tcp,class boost::asio::any_io_executor>,1>::do_fail(unsigned short,class boost::system::error_code,class boost::system::error_code &)']
[2026-09-19 22:59:10.623] [info] [:] [WS] session closed: The WebSocket stream was gracefully closed at both endpoints [boost.beast.websocket:1 at C:/Users/wy331/Documents/UE5DroneControl-p5-1/Backend/build-p5/vcpkg_installed/x64-windows/include\boost/beast/websocket/impl/stream.hpp:377:9 in function 'void __cdecl boost::beast::websocket::stream<class boost::asio::basic_stream_socket<class boost::asio::ip::tcp,class boost::asio::any_io_executor>,1>::do_fail(unsigned short,class boost::system::error_code,class boost::system::error_code &)']
[2026-09-19 22:59:10.623] [info] [:] [WS] session closed: The WebSocket stream was gracefully closed at both endpoints [boost.beast.websocket:1 at C:/Users/wy331/Documents/UE5DroneControl-p5-1/Backend/build-p5/vcpkg_installed/x64-windows/include\boost/beast/websocket/impl/stream.hpp:377:9 in function 'void __cdecl boost::beast::websocket::stream<class boost::asio::basic_stream_socket<class boost::asio::ip::tcp,class boost::asio::any_io_executor>,1>::do_fail(unsigned short,class boost::system::error_code,class boost::system::error_code &)']
[2026-09-19 22:59:11.251] [info] [:] [WS] session closed: The WebSocket stream was gracefully closed at both endpoints [boost.beast.websocket:1 at C:/Users/wy331/Documents/UE5DroneControl-p5-1/Backend/build-p5/vcpkg_installed/x64-windows/include\boost/beast/websocket/impl/stream.hpp:377:9 in function 'void __cdecl boost::beast::websocket::stream<class boost::asio::basic_stream_socket<class boost::asio::ip::tcp,class boost::asio::any_io_executor>,1>::do_fail(unsigned short,class boost::system::error_code,class boost::system::error_code &)']
[2026-09-19 22:59:11.252] [info] [:] [WS] session closed: The WebSocket stream was gracefully closed at both endpoints [boost.beast.websocket:1 at C:/Users/wy331/Documents/UE5DroneControl-p5-1/Backend/build-p5/vcpkg_installed/x64-windows/include\boost/beast/websocket/impl/stream.hpp:377:9 in function 'void __cdecl boost::beast::websocket::stream<class boost::asio::basic_stream_socket<class boost::asio::ip::tcp,class boost::asio::any_io_executor>,1>::do_fail(unsigned short,class boost::system::error_code,class boost::system::error_code &)']
[2026-09-19 22:59:11.252] [info] [:] [WS] session closed: The WebSocket stream was gracefully closed at both endpoints [boost.beast.websocket:1 at C:/Users/wy331/Documents/UE5DroneControl-p5-1/Backend/build-p5/vcpkg_installed/x64-windows/include\boost/beast/websocket/impl/stream.hpp:377:9 in function 'void __cdecl boost::beast::websocket::stream<class boost::asio::basic_stream_socket<class boost::asio::ip::tcp,class boost::asio::any_io_executor>,1>::do_fail(unsigned short,class boost::system::error_code,class boost::system::error_code &)']
[2026-09-19 22:59:11.252] [info] [:] [WS] session closed: The WebSocket stream was gracefully closed at both endpoints [boost.beast.websocket:1 at C:/Users/wy331/Documents/UE5DroneControl-p5-1/Backend/build-p5/vcpkg_installed/x64-windows/include\boost/beast/websocket/impl/stream.hpp:377:9 in function 'void __cdecl boost::beast::websocket::stream<class boost::asio::basic_stream_socket<class boost::asio::ip::tcp,class boost::asio::any_io_executor>,1>::do_fail(unsigned short,class boost::system::error_code,class boost::system::error_code &)']
[2026-09-19 22:59:21.621] [info] [:] [WS] session closed: The WebSocket stream was gracefully closed at both endpoints [boost.beast.websocket:1 at C:/Users/wy331/Documents/UE5DroneControl-p5-1/Backend/build-p5/vcpkg_installed/x64-windows/include\boost/beast/websocket/impl/stream.hpp:377:9 in function 'void __cdecl boost::beast::websocket::stream<class boost::asio::basic_stream_socket<class boost::asio::ip::tcp,class boost::asio::any_io_executor>,1>::do_fail(unsigned short,class boost::system::error_code,class boost::system::error_code &)']
[2026-09-19 22:59:21.621] [info] [:] [WS] session closed: The WebSocket stream was gracefully closed at both endpoints [boost.beast.websocket:1 at C:/Users/wy331/Documents/UE5DroneControl-p5-1/Backend/build-p5/vcpkg_installed/x64-windows/include\boost/beast/websocket/impl/stream.hpp:377:9 in function 'void __cdecl boost::beast::websocket::stream<class boost::asio::basic_stream_socket<class boost::asio::ip::tcp,class boost::asio::any_io_executor>,1>::do_fail(unsigned short,class boost::system::error_code,class boost::system::error_code &)']
[2026-09-19 22:59:21.621] [info] [:] [WS] session closed: The WebSocket stream was gracefully closed at both endpoints [boost.beast.websocket:1 at C:/Users/wy331/Documents/UE5DroneControl-p5-1/Backend/build-p5/vcpkg_installed/x64-windows/include\boost/beast/websocket/impl/stream.hpp:377:9 in function 'void __cdecl boost::beast::websocket::stream<class boost::asio::basic_stream_socket<class boost::asio::ip::tcp,class boost::asio::any_io_executor>,1>::do_fail(unsigned short,class boost::system::error_code,class boost::system::error_code &)']
[2026-09-19 22:59:21.621] [info] [:] [WS] session closed: The WebSocket stream was gracefully closed at both endpoints [boost.beast.websocket:1 at C:/Users/wy331/Documents/UE5DroneControl-p5-1/Backend/build-p5/vcpkg_installed/x64-windows/include\boost/beast/websocket/impl/stream.hpp:377:9 in function 'void __cdecl boost::beast::websocket::stream<class boost::asio::basic_stream_socket<class boost::asio::ip::tcp,class boost::asio::any_io_executor>,1>::do_fail(unsigned short,class boost::system::error_code,class boost::system::error_code &)']
[2026-09-19 22:59:21.663] [info] Config loaded from 'C:\Users\wy331\Documents\UE5DroneControl-p5-2\Saved\P5.2-protocol-1789829913416625600\backend.yaml': 0 ports, 6 drones max
[2026-09-19 22:59:21.664] [info] Config validation passed (0 ports, 6 max drones)
[2026-09-19 22:59:21.664] [info] [:] Logger initialized. Level=info, File=backend.log
[2026-09-19 22:59:21.664] [info] [:] ============================================
[2026-09-19 22:59:21.664] [info] [:]   Drone Backend v1.0.0
[2026-09-19 22:59:21.664] [info] [:]   HTTP :19680  WS :19681
[2026-09-19 22:59:21.664] [info] [:] ============================================
[2026-09-19 22:59:21.665] [info] [:] [UdpSender] JSON protocol session_id=backend-1789829961664844-a55672f9
[2026-09-19 22:59:21.665] [info] [:] DroneManager created
[2026-09-19 22:59:21.667] [info] [:] Drone 1 added: slot=1 name=Mock UAV 01
[2026-09-19 22:59:21.667] [info] [:] Drone 2 added: slot=2 name=Mock UAV 02
[2026-09-19 22:59:21.667] [info] [:] Drone 3 added: slot=3 name=Mock UAV 03
[2026-09-19 22:59:21.667] [info] [:] Drone 4 added: slot=4 name=Mock UAV 04
[2026-09-19 22:59:21.667] [info] [:] [Storage] Loaded 4 drones from data/drones.json
[2026-09-19 22:59:21.667] [info] [:] Backend started. Press Ctrl+C to stop.
[DebugCLI] Started. Type 'help' for commands.
[2026-09-19 22:59:21.669] [info] [:] [WS] Listening on 0.0.0.0:19681
[2026-09-19 22:59:21.669] [info] [:] [HTTP] Listening on 0.0.0.0:19680
[2026-09-19 22:59:22.297] [info] [:] [WS] session closed: The WebSocket stream was gracefully closed at both endpoints [boost.beast.websocket:1 at C:/Users/wy331/Documents/UE5DroneControl-p5-1/Backend/build-p5/vcpkg_installed/x64-windows/include\boost/beast/websocket/impl/stream.hpp:377:9 in function 'void __cdecl boost::beast::websocket::stream<class boost::asio::basic_stream_socket<class boost::asio::ip::tcp,class boost::asio::any_io_executor>,1>::do_fail(unsigned short,class boost::system::error_code,class boost::system::error_code &)']
[2026-09-19 23:07:45.398] [info] Config loaded from 'C:\Users\wy331\Documents\UE5DroneControl-p5-2\Saved\P5.2-protocol-1789830465277613000\backend.yaml': 0 ports, 6 drones max
[2026-09-19 23:07:45.401] [info] Config validation passed (0 ports, 6 max drones)
[2026-09-19 23:07:45.401] [info] [:] Logger initialized. Level=info, File=backend.log
[2026-09-19 23:07:45.401] [info] [:] ============================================
[2026-09-19 23:07:45.401] [info] [:]   Drone Backend v1.0.0
[2026-09-19 23:07:45.401] [info] [:]   HTTP :19680  WS :19681
[2026-09-19 23:07:45.401] [info] [:] ============================================
[2026-09-19 23:07:45.403] [info] [:] [UdpSender] JSON protocol session_id=backend-1789830465401964-9add1e41
[2026-09-19 23:07:45.403] [info] [:] DroneManager created
[2026-09-19 23:07:45.409] [info] [:] Drone 1 added: slot=1 name=Mock UAV 01
[2026-09-19 23:07:45.409] [info] [:] Drone 2 added: slot=2 name=Mock UAV 02
[2026-09-19 23:07:45.409] [info] [:] Drone 3 added: slot=3 name=Mock UAV 03
[2026-09-19 23:07:45.409] [info] [:] Drone 4 added: slot=4 name=Mock UAV 04
[2026-09-19 23:07:45.409] [info] [:] [Storage] Loaded 4 drones from data/drones.json
[2026-09-19 23:07:45.409] [info] [:] Backend started. Press Ctrl+C to stop.
[DebugCLI] Started. Type 'help' for commands.
[2026-09-19 23:07:45.411] [info] [:] [HTTP] Listening on 0.0.0.0:19680
[2026-09-19 23:07:45.411] [info] [:] [WS] Listening on 0.0.0.0:19681
[2026-09-19 23:07:46.469] [info] [:] [WS] session closed: The WebSocket stream was gracefully closed at both endpoints [boost.beast.websocket:1 at C:/Users/wy331/Documents/UE5DroneControl-p5-1/Backend/build-p5/vcpkg_installed/x64-windows/include\boost/beast/websocket/impl/stream.hpp:377:9 in function 'void __cdecl boost::beast::websocket::stream<class boost::asio::basic_stream_socket<class boost::asio::ip::tcp,class boost::asio::any_io_executor>,1>::do_fail(unsigned short,class boost::system::error_code,class boost::system::error_code &)']
[2026-09-19 23:08:08.899] [info] [:] [WS] session closed: The WebSocket stream was gracefully closed at both endpoints [boost.beast.websocket:1 at C:/Users/wy331/Documents/UE5DroneControl-p5-1/Backend/build-p5/vcpkg_installed/x64-windows/include\boost/beast/websocket/impl/stream.hpp:377:9 in function 'void __cdecl boost::beast::websocket::stream<class boost::asio::basic_stream_socket<class boost::asio::ip::tcp,class boost::asio::any_io_executor>,1>::do_fail(unsigned short,class boost::system::error_code,class boost::system::error_code &)']
[2026-09-19 23:08:08.899] [info] [:] [WS] session closed: The WebSocket stream was gracefully closed at both endpoints [boost.beast.websocket:1 at C:/Users/wy331/Documents/UE5DroneControl-p5-1/Backend/build-p5/vcpkg_installed/x64-windows/include\boost/beast/websocket/impl/stream.hpp:377:9 in function 'void __cdecl boost::beast::websocket::stream<class boost::asio::basic_stream_socket<class boost::asio::ip::tcp,class boost::asio::any_io_executor>,1>::do_fail(unsigned short,class boost::system::error_code,class boost::system::error_code &)']
[2026-09-19 23:08:08.899] [info] [:] [WS] session closed: The WebSocket stream was gracefully closed at both endpoints [boost.beast.websocket:1 at C:/Users/wy331/Documents/UE5DroneControl-p5-1/Backend/build-p5/vcpkg_installed/x64-windows/include\boost/beast/websocket/impl/stream.hpp:377:9 in function 'void __cdecl boost::beast::websocket::stream<class boost::asio::basic_stream_socket<class boost::asio::ip::tcp,class boost::asio::any_io_executor>,1>::do_fail(unsigned short,class boost::system::error_code,class boost::system::error_code &)']
[2026-09-19 23:08:09.344] [info] [:] [WS] session closed: The WebSocket stream was gracefully closed at both endpoints [boost.beast.websocket:1 at C:/Users/wy331/Documents/UE5DroneControl-p5-1/Backend/build-p5/vcpkg_installed/x64-windows/include\boost/beast/websocket/impl/stream.hpp:377:9 in function 'void __cdecl boost::beast::websocket::stream<class boost::asio::basic_stream_socket<class boost::asio::ip::tcp,class boost::asio::any_io_executor>,1>::do_fail(unsigned short,class boost::system::error_code,class boost::system::error_code &)']
[2026-09-19 23:08:09.572] [info] [:] [WS] session closed: The WebSocket stream was gracefully closed at both endpoints [boost.beast.websocket:1 at C:/Users/wy331/Documents/UE5DroneControl-p5-1/Backend/build-p5/vcpkg_installed/x64-windows/include\boost/beast/websocket/impl/stream.hpp:377:9 in function 'void __cdecl boost::beast::websocket::stream<class boost::asio::basic_stream_socket<class boost::asio::ip::tcp,class boost::asio::any_io_executor>,1>::do_fail(unsigned short,class boost::system::error_code,class boost::system::error_code &)']
[2026-09-19 23:08:09.802] [info] [:] [WS] session closed: The WebSocket stream was gracefully closed at both endpoints [boost.beast.websocket:1 at C:/Users/wy331/Documents/UE5DroneControl-p5-1/Backend/build-p5/vcpkg_installed/x64-windows/include\boost/beast/websocket/impl/stream.hpp:377:9 in function 'void __cdecl boost::beast::websocket::stream<class boost::asio::basic_stream_socket<class boost::asio::ip::tcp,class boost::asio::any_io_executor>,1>::do_fail(unsigned short,class boost::system::error_code,class boost::system::error_code &)']
[2026-09-19 23:08:22.517] [info] [:] [WS] session closed: The WebSocket stream was gracefully closed at both endpoints [boost.beast.websocket:1 at C:/Users/wy331/Documents/UE5DroneControl-p5-1/Backend/build-p5/vcpkg_installed/x64-windows/include\boost/beast/websocket/impl/stream.hpp:377:9 in function 'void __cdecl boost::beast::websocket::stream<class boost::asio::basic_stream_socket<class boost::asio::ip::tcp,class boost::asio::any_io_executor>,1>::do_fail(unsigned short,class boost::system::error_code,class boost::system::error_code &)']
[2026-09-19 23:08:22.517] [info] [:] [WS] session closed: The WebSocket stream was gracefully closed at both endpoints [boost.beast.websocket:1 at C:/Users/wy331/Documents/UE5DroneControl-p5-1/Backend/build-p5/vcpkg_installed/x64-windows/include\boost/beast/websocket/impl/stream.hpp:377:9 in function 'void __cdecl boost::beast::websocket::stream<class boost::asio::basic_stream_socket<class boost::asio::ip::tcp,class boost::asio::any_io_executor>,1>::do_fail(unsigned short,class boost::system::error_code,class boost::system::error_code &)']
[2026-09-19 23:08:22.517] [info] [:] [WS] session closed: The WebSocket stream was gracefully closed at both endpoints [boost.beast.websocket:1 at C:/Users/wy331/Documents/UE5DroneControl-p5-1/Backend/build-p5/vcpkg_installed/x64-windows/include\boost/beast/websocket/impl/stream.hpp:377:9 in function 'void __cdecl boost::beast::websocket::stream<class boost::asio::basic_stream_socket<class boost::asio::ip::tcp,class boost::asio::any_io_executor>,1>::do_fail(unsigned short,class boost::system::error_code,class boost::system::error_code &)']
[2026-09-19 23:08:22.517] [info] [:] [WS] session closed: The WebSocket stream was gracefully closed at both endpoints [boost.beast.websocket:1 at C:/Users/wy331/Documents/UE5DroneControl-p5-1/Backend/build-p5/vcpkg_installed/x64-windows/include\boost/beast/websocket/impl/stream.hpp:377:9 in function 'void __cdecl boost::beast::websocket::stream<class boost::asio::basic_stream_socket<class boost::asio::ip::tcp,class boost::asio::any_io_executor>,1>::do_fail(unsigned short,class boost::system::error_code,class boost::system::error_code &)']
[2026-09-19 23:08:23.143] [info] [:] [WS] session closed: The WebSocket stream was gracefully closed at both endpoints [boost.beast.websocket:1 at C:/Users/wy331/Documents/UE5DroneControl-p5-1/Backend/build-p5/vcpkg_installed/x64-windows/include\boost/beast/websocket/impl/stream.hpp:377:9 in function 'void __cdecl boost::beast::websocket::stream<class boost::asio::basic_stream_socket<class boost::asio::ip::tcp,class boost::asio::any_io_executor>,1>::do_fail(unsigned short,class boost::system::error_code,class boost::system::error_code &)']
[2026-09-19 23:08:23.143] [info] [:] [WS] session closed: The WebSocket stream was gracefully closed at both endpoints [boost.beast.websocket:1 at C:/Users/wy331/Documents/UE5DroneControl-p5-1/Backend/build-p5/vcpkg_installed/x64-windows/include\boost/beast/websocket/impl/stream.hpp:377:9 in function 'void __cdecl boost::beast::websocket::stream<class boost::asio::basic_stream_socket<class boost::asio::ip::tcp,class boost::asio::any_io_executor>,1>::do_fail(unsigned short,class boost::system::error_code,class boost::system::error_code &)']
[2026-09-19 23:08:23.143] [info] [:] [WS] session closed: The WebSocket stream was gracefully closed at both endpoints [boost.beast.websocket:1 at C:/Users/wy331/Documents/UE5DroneControl-p5-1/Backend/build-p5/vcpkg_installed/x64-windows/include\boost/beast/websocket/impl/stream.hpp:377:9 in function 'void __cdecl boost::beast::websocket::stream<class boost::asio::basic_stream_socket<class boost::asio::ip::tcp,class boost::asio::any_io_executor>,1>::do_fail(unsigned short,class boost::system::error_code,class boost::system::error_code &)']
[2026-09-19 23:08:23.143] [info] [:] [WS] session closed: The WebSocket stream was gracefully closed at both endpoints [boost.beast.websocket:1 at C:/Users/wy331/Documents/UE5DroneControl-p5-1/Backend/build-p5/vcpkg_installed/x64-windows/include\boost/beast/websocket/impl/stream.hpp:377:9 in function 'void __cdecl boost::beast::websocket::stream<class boost::asio::basic_stream_socket<class boost::asio::ip::tcp,class boost::asio::any_io_executor>,1>::do_fail(unsigned short,class boost::system::error_code,class boost::system::error_code &)']
[2026-09-19 23:08:33.374] [info] [:] [WS] session closed: The WebSocket stream was gracefully closed at both endpoints [boost.beast.websocket:1 at C:/Users/wy331/Documents/UE5DroneControl-p5-1/Backend/build-p5/vcpkg_installed/x64-windows/include\boost/beast/websocket/impl/stream.hpp:377:9 in function 'void __cdecl boost::beast::websocket::stream<class boost::asio::basic_stream_socket<class boost::asio::ip::tcp,class boost::asio::any_io_executor>,1>::do_fail(unsigned short,class boost::system::error_code,class boost::system::error_code &)']
[2026-09-19 23:08:33.374] [info] [:] [WS] session closed: The WebSocket stream was gracefully closed at both endpoints [boost.beast.websocket:1 at C:/Users/wy331/Documents/UE5DroneControl-p5-1/Backend/build-p5/vcpkg_installed/x64-windows/include\boost/beast/websocket/impl/stream.hpp:377:9 in function 'void __cdecl boost::beast::websocket::stream<class boost::asio::basic_stream_socket<class boost::asio::ip::tcp,class boost::asio::any_io_executor>,1>::do_fail(unsigned short,class boost::system::error_code,class boost::system::error_code &)']
[2026-09-19 23:08:33.374] [info] [:] [WS] session closed: The WebSocket stream was gracefully closed at both endpoints [boost.beast.websocket:1 at C:/Users/wy331/Documents/UE5DroneControl-p5-1/Backend/build-p5/vcpkg_installed/x64-windows/include\boost/beast/websocket/impl/stream.hpp:377:9 in function 'void __cdecl boost::beast::websocket::stream<class boost::asio::basic_stream_socket<class boost::asio::ip::tcp,class boost::asio::any_io_executor>,1>::do_fail(unsigned short,class boost::system::error_code,class boost::system::error_code &)']
[2026-09-19 23:08:33.374] [info] [:] [WS] session closed: The WebSocket stream was gracefully closed at both endpoints [boost.beast.websocket:1 at C:/Users/wy331/Documents/UE5DroneControl-p5-1/Backend/build-p5/vcpkg_installed/x64-windows/include\boost/beast/websocket/impl/stream.hpp:377:9 in function 'void __cdecl boost::beast::websocket::stream<class boost::asio::basic_stream_socket<class boost::asio::ip::tcp,class boost::asio::any_io_executor>,1>::do_fail(unsigned short,class boost::system::error_code,class boost::system::error_code &)']
[2026-09-19 23:08:33.427] [info] Config loaded from 'C:\Users\wy331\Documents\UE5DroneControl-p5-2\Saved\P5.2-protocol-1789830465277613000\backend.yaml': 0 ports, 6 drones max
[2026-09-19 23:08:33.427] [info] Config validation passed (0 ports, 6 max drones)
[2026-09-19 23:08:33.428] [info] [:] Logger initialized. Level=info, File=backend.log
[2026-09-19 23:08:33.428] [info] [:] ============================================
[2026-09-19 23:08:33.428] [info] [:]   Drone Backend v1.0.0
[2026-09-19 23:08:33.428] [info] [:]   HTTP :19680  WS :19681
[2026-09-19 23:08:33.428] [info] [:] ============================================
[2026-09-19 23:08:33.429] [info] [:] [UdpSender] JSON protocol session_id=backend-1789830513428236-60a85ed5
[2026-09-19 23:08:33.429] [info] [:] DroneManager created
[2026-09-19 23:08:33.430] [info] [:] Drone 1 added: slot=1 name=Mock UAV 01
[2026-09-19 23:08:33.430] [info] [:] Drone 2 added: slot=2 name=Mock UAV 02
[2026-09-19 23:08:33.430] [info] [:] Drone 3 added: slot=3 name=Mock UAV 03
[2026-09-19 23:08:33.430] [info] [:] Drone 4 added: slot=4 name=Mock UAV 04
[2026-09-19 23:08:33.430] [info] [:] [Storage] Loaded 4 drones from data/drones.json
[2026-09-19 23:08:33.430] [info] [:] Backend started. Press Ctrl+C to stop.
[DebugCLI] Started. Type 'help' for commands.
[2026-09-19 23:08:33.432] [info] [:] [HTTP] Listening on 0.0.0.0:19680
[2026-09-19 23:08:33.432] [info] [:] [WS] Listening on 0.0.0.0:19681
[2026-09-19 23:08:34.070] [info] [:] [WS] session closed: The WebSocket stream was gracefully closed at both endpoints [boost.beast.websocket:1 at C:/Users/wy331/Documents/UE5DroneControl-p5-1/Backend/build-p5/vcpkg_installed/x64-windows/include\boost/beast/websocket/impl/stream.hpp:377:9 in function 'void __cdecl boost::beast::websocket::stream<class boost::asio::basic_stream_socket<class boost::asio::ip::tcp,class boost::asio::any_io_executor>,1>::do_fail(unsigned short,class boost::system::error_code,class boost::system::error_code &)']
[2026-09-19 23:09:50.996] [info] [:] [WS] session closed: The WebSocket stream was gracefully closed at both endpoints [boost.beast.websocket:1 at C:/Users/wy331/Documents/UE5DroneControl-p5-1/Backend/build-p5/vcpkg_installed/x64-windows/include\boost/beast/websocket/impl/stream.hpp:377:9 in function 'void __cdecl boost::beast::websocket::stream<class boost::asio::basic_stream_socket<class boost::asio::ip::tcp,class boost::asio::any_io_executor>,1>::do_fail(unsigned short,class boost::system::error_code,class boost::system::error_code &)']
[2026-09-19 23:09:50.997] [info] [:] [WS] session closed: 远程主机强迫关闭了一个现有的连接。 [system:10054]
[2026-09-19 23:10:28.117] [info] [:] [WS] session closed: The WebSocket stream was gracefully closed at both endpoints [boost.beast.websocket:1 at C:/Users/wy331/Documents/UE5DroneControl-p5-1/Backend/build-p5/vcpkg_installed/x64-windows/include\boost/beast/websocket/impl/stream.hpp:377:9 in function 'void __cdecl boost::beast::websocket::stream<class boost::asio::basic_stream_socket<class boost::asio::ip::tcp,class boost::asio::any_io_executor>,1>::do_fail(unsigned short,class boost::system::error_code,class boost::system::error_code &)']
[2026-09-19 23:10:28.118] [info] [:] [WS] session closed: 远程主机强迫关闭了一个现有的连接。 [system:10054]
[2026-09-19 23:11:03.718] [info] [:] [WS] session closed: The WebSocket stream was gracefully closed at both endpoints [boost.beast.websocket:1 at C:/Users/wy331/Documents/UE5DroneControl-p5-1/Backend/build-p5/vcpkg_installed/x64-windows/include\boost/beast/websocket/impl/stream.hpp:377:9 in function 'void __cdecl boost::beast::websocket::stream<class boost::asio::basic_stream_socket<class boost::asio::ip::tcp,class boost::asio::any_io_executor>,1>::do_fail(unsigned short,class boost::system::error_code,class boost::system::error_code &)']
[2026-09-19 23:11:03.719] [info] [:] [WS] session closed: 远程主机强迫关闭了一个现有的连接。 [system:10054]
[2026-09-19 23:27:43.538] [info] Config loaded from 'C:\Users\wy331\Documents\UE5DroneControl-p5-2\Saved\P5.2-protocol-1789831663505833800\backend.yaml': 0 ports, 6 drones max
[2026-09-19 23:27:43.538] [info] Config validation passed (0 ports, 6 max drones)
[2026-09-19 23:27:43.539] [info] [:] Logger initialized. Level=info, File=backend.log
[2026-09-19 23:27:43.539] [info] [:] ============================================
[2026-09-19 23:27:43.539] [info] [:]   Drone Backend v1.0.0
[2026-09-19 23:27:43.539] [info] [:]   HTTP :19680  WS :19681
[2026-09-19 23:27:43.539] [info] [:] ============================================
[2026-09-19 23:27:43.540] [info] [:] [UdpSender] JSON protocol session_id=backend-1789831663539204-5a76c457
[2026-09-19 23:27:43.540] [info] [:] DroneManager created
[2026-09-19 23:27:43.547] [info] [:] Drone 1 added: slot=1 name=Mock UAV 01
[2026-09-19 23:27:43.547] [info] [:] Drone 2 added: slot=2 name=Mock UAV 02
[2026-09-19 23:27:43.547] [info] [:] Drone 3 added: slot=3 name=Mock UAV 03
[2026-09-19 23:27:43.547] [info] [:] Drone 4 added: slot=4 name=Mock UAV 04
[2026-09-19 23:27:43.547] [info] [:] [Storage] Loaded 4 drones from data/drones.json
[2026-09-19 23:27:43.547] [info] [:] Backend started. Press Ctrl+C to stop.
[DebugCLI] Started. Type 'help' for commands.
[2026-09-19 23:27:43.549] [info] [:] [WS] Listening on 0.0.0.0:19681
[2026-09-19 23:27:43.549] [info] [:] [HTTP] Listening on 0.0.0.0:19680
[2026-09-19 23:27:44.092] [info] [:] [WS] session closed: The WebSocket stream was gracefully closed at both endpoints [boost.beast.websocket:1 at C:/Users/wy331/Documents/UE5DroneControl-p5-1/Backend/build-p5/vcpkg_installed/x64-windows/include\boost/beast/websocket/impl/stream.hpp:377:9 in function 'void __cdecl boost::beast::websocket::stream<class boost::asio::basic_stream_socket<class boost::asio::ip::tcp,class boost::asio::any_io_executor>,1>::do_fail(unsigned short,class boost::system::error_code,class boost::system::error_code &)']
[2026-09-19 23:28:06.521] [info] [:] [WS] session closed: The WebSocket stream was gracefully closed at both endpoints [boost.beast.websocket:1 at C:/Users/wy331/Documents/UE5DroneControl-p5-1/Backend/build-p5/vcpkg_installed/x64-windows/include\boost/beast/websocket/impl/stream.hpp:377:9 in function 'void __cdecl boost::beast::websocket::stream<class boost::asio::basic_stream_socket<class boost::asio::ip::tcp,class boost::asio::any_io_executor>,1>::do_fail(unsigned short,class boost::system::error_code,class boost::system::error_code &)']
[2026-09-19 23:28:06.521] [info] [:] [WS] session closed: The WebSocket stream was gracefully closed at both endpoints [boost.beast.websocket:1 at C:/Users/wy331/Documents/UE5DroneControl-p5-1/Backend/build-p5/vcpkg_installed/x64-windows/include\boost/beast/websocket/impl/stream.hpp:377:9 in function 'void __cdecl boost::beast::websocket::stream<class boost::asio::basic_stream_socket<class boost::asio::ip::tcp,class boost::asio::any_io_executor>,1>::do_fail(unsigned short,class boost::system::error_code,class boost::system::error_code &)']
[2026-09-19 23:28:06.521] [info] [:] [WS] session closed: The WebSocket stream was gracefully closed at both endpoints [boost.beast.websocket:1 at C:/Users/wy331/Documents/UE5DroneControl-p5-1/Backend/build-p5/vcpkg_installed/x64-windows/include\boost/beast/websocket/impl/stream.hpp:377:9 in function 'void __cdecl boost::beast::websocket::stream<class boost::asio::basic_stream_socket<class boost::asio::ip::tcp,class boost::asio::any_io_executor>,1>::do_fail(unsigned short,class boost::system::error_code,class boost::system::error_code &)']
[2026-09-19 23:28:06.958] [info] [:] [WS] session closed: The WebSocket stream was gracefully closed at both endpoints [boost.beast.websocket:1 at C:/Users/wy331/Documents/UE5DroneControl-p5-1/Backend/build-p5/vcpkg_installed/x64-windows/include\boost/beast/websocket/impl/stream.hpp:377:9 in function 'void __cdecl boost::beast::websocket::stream<class boost::asio::basic_stream_socket<class boost::asio::ip::tcp,class boost::asio::any_io_executor>,1>::do_fail(unsigned short,class boost::system::error_code,class boost::system::error_code &)']
[2026-09-19 23:28:07.182] [info] [:] [WS] session closed: The WebSocket stream was gracefully closed at both endpoints [boost.beast.websocket:1 at C:/Users/wy331/Documents/UE5DroneControl-p5-1/Backend/build-p5/vcpkg_installed/x64-windows/include\boost/beast/websocket/impl/stream.hpp:377:9 in function 'void __cdecl boost::beast::websocket::stream<class boost::asio::basic_stream_socket<class boost::asio::ip::tcp,class boost::asio::any_io_executor>,1>::do_fail(unsigned short,class boost::system::error_code,class boost::system::error_code &)']
[2026-09-19 23:28:07.399] [info] [:] [WS] session closed: The WebSocket stream was gracefully closed at both endpoints [boost.beast.websocket:1 at C:/Users/wy331/Documents/UE5DroneControl-p5-1/Backend/build-p5/vcpkg_installed/x64-windows/include\boost/beast/websocket/impl/stream.hpp:377:9 in function 'void __cdecl boost::beast::websocket::stream<class boost::asio::basic_stream_socket<class boost::asio::ip::tcp,class boost::asio::any_io_executor>,1>::do_fail(unsigned short,class boost::system::error_code,class boost::system::error_code &)']
[2026-09-19 23:28:20.870] [info] [:] [WS] session closed: The WebSocket stream was gracefully closed at both endpoints [boost.beast.websocket:1 at C:/Users/wy331/Documents/UE5DroneControl-p5-1/Backend/build-p5/vcpkg_installed/x64-windows/include\boost/beast/websocket/impl/stream.hpp:377:9 in function 'void __cdecl boost::beast::websocket::stream<class boost::asio::basic_stream_socket<class boost::asio::ip::tcp,class boost::asio::any_io_executor>,1>::do_fail(unsigned short,class boost::system::error_code,class boost::system::error_code &)']
[2026-09-19 23:28:20.870] [info] [:] [WS] session closed: The WebSocket stream was gracefully closed at both endpoints [boost.beast.websocket:1 at C:/Users/wy331/Documents/UE5DroneControl-p5-1/Backend/build-p5/vcpkg_installed/x64-windows/include\boost/beast/websocket/impl/stream.hpp:377:9 in function 'void __cdecl boost::beast::websocket::stream<class boost::asio::basic_stream_socket<class boost::asio::ip::tcp,class boost::asio::any_io_executor>,1>::do_fail(unsigned short,class boost::system::error_code,class boost::system::error_code &)']
[2026-09-19 23:28:20.870] [info] [:] [WS] session closed: The WebSocket stream was gracefully closed at both endpoints [boost.beast.websocket:1 at C:/Users/wy331/Documents/UE5DroneControl-p5-1/Backend/build-p5/vcpkg_installed/x64-windows/include\boost/beast/websocket/impl/stream.hpp:377:9 in function 'void __cdecl boost::beast::websocket::stream<class boost::asio::basic_stream_socket<class boost::asio::ip::tcp,class boost::asio::any_io_executor>,1>::do_fail(unsigned short,class boost::system::error_code,class boost::system::error_code &)']
[2026-09-19 23:28:20.870] [info] [:] [WS] session closed: The WebSocket stream was gracefully closed at both endpoints [boost.beast.websocket:1 at C:/Users/wy331/Documents/UE5DroneControl-p5-1/Backend/build-p5/vcpkg_installed/x64-windows/include\boost/beast/websocket/impl/stream.hpp:377:9 in function 'void __cdecl boost::beast::websocket::stream<class boost::asio::basic_stream_socket<class boost::asio::ip::tcp,class boost::asio::any_io_executor>,1>::do_fail(unsigned short,class boost::system::error_code,class boost::system::error_code &)']
[2026-09-19 23:28:21.471] [info] [:] [WS] session closed: The WebSocket stream was gracefully closed at both endpoints [boost.beast.websocket:1 at C:/Users/wy331/Documents/UE5DroneControl-p5-1/Backend/build-p5/vcpkg_installed/x64-windows/include\boost/beast/websocket/impl/stream.hpp:377:9 in function 'void __cdecl boost::beast::websocket::stream<class boost::asio::basic_stream_socket<class boost::asio::ip::tcp,class boost::asio::any_io_executor>,1>::do_fail(unsigned short,class boost::system::error_code,class boost::system::error_code &)']
[2026-09-19 23:28:21.471] [info] [:] [WS] session closed: The WebSocket stream was gracefully closed at both endpoints [boost.beast.websocket:1 at C:/Users/wy331/Documents/UE5DroneControl-p5-1/Backend/build-p5/vcpkg_installed/x64-windows/include\boost/beast/websocket/impl/stream.hpp:377:9 in function 'void __cdecl boost::beast::websocket::stream<class boost::asio::basic_stream_socket<class boost::asio::ip::tcp,class boost::asio::any_io_executor>,1>::do_fail(unsigned short,class boost::system::error_code,class boost::system::error_code &)']
[2026-09-19 23:28:21.471] [info] [:] [WS] session closed: The WebSocket stream was gracefully closed at both endpoints [boost.beast.websocket:1 at C:/Users/wy331/Documents/UE5DroneControl-p5-1/Backend/build-p5/vcpkg_installed/x64-windows/include\boost/beast/websocket/impl/stream.hpp:377:9 in function 'void __cdecl boost::beast::websocket::stream<class boost::asio::basic_stream_socket<class boost::asio::ip::tcp,class boost::asio::any_io_executor>,1>::do_fail(unsigned short,class boost::system::error_code,class boost::system::error_code &)']
[2026-09-19 23:28:21.472] [info] [:] [WS] session closed: The WebSocket stream was gracefully closed at both endpoints [boost.beast.websocket:1 at C:/Users/wy331/Documents/UE5DroneControl-p5-1/Backend/build-p5/vcpkg_installed/x64-windows/include\boost/beast/websocket/impl/stream.hpp:377:9 in function 'void __cdecl boost::beast::websocket::stream<class boost::asio::basic_stream_socket<class boost::asio::ip::tcp,class boost::asio::any_io_executor>,1>::do_fail(unsigned short,class boost::system::error_code,class boost::system::error_code &)']
[2026-09-19 23:28:31.791] [info] [:] [WS] session closed: The WebSocket stream was gracefully closed at both endpoints [boost.beast.websocket:1 at C:/Users/wy331/Documents/UE5DroneControl-p5-1/Backend/build-p5/vcpkg_installed/x64-windows/include\boost/beast/websocket/impl/stream.hpp:377:9 in function 'void __cdecl boost::beast::websocket::stream<class boost::asio::basic_stream_socket<class boost::asio::ip::tcp,class boost::asio::any_io_executor>,1>::do_fail(unsigned short,class boost::system::error_code,class boost::system::error_code &)']
[2026-09-19 23:28:31.791] [info] [:] [WS] session closed: The WebSocket stream was gracefully closed at both endpoints [boost.beast.websocket:1 at C:/Users/wy331/Documents/UE5DroneControl-p5-1/Backend/build-p5/vcpkg_installed/x64-windows/include\boost/beast/websocket/impl/stream.hpp:377:9 in function 'void __cdecl boost::beast::websocket::stream<class boost::asio::basic_stream_socket<class boost::asio::ip::tcp,class boost::asio::any_io_executor>,1>::do_fail(unsigned short,class boost::system::error_code,class boost::system::error_code &)']
[2026-09-19 23:28:31.791] [info] [:] [WS] session closed: The WebSocket stream was gracefully closed at both endpoints [boost.beast.websocket:1 at C:/Users/wy331/Documents/UE5DroneControl-p5-1/Backend/build-p5/vcpkg_installed/x64-windows/include\boost/beast/websocket/impl/stream.hpp:377:9 in function 'void __cdecl boost::beast::websocket::stream<class boost::asio::basic_stream_socket<class boost::asio::ip::tcp,class boost::asio::any_io_executor>,1>::do_fail(unsigned short,class boost::system::error_code,class boost::system::error_code &)']
[2026-09-19 23:28:31.791] [info] [:] [WS] session closed: The WebSocket stream was gracefully closed at both endpoints [boost.beast.websocket:1 at C:/Users/wy331/Documents/UE5DroneControl-p5-1/Backend/build-p5/vcpkg_installed/x64-windows/include\boost/beast/websocket/impl/stream.hpp:377:9 in function 'void __cdecl boost::beast::websocket::stream<class boost::asio::basic_stream_socket<class boost::asio::ip::tcp,class boost::asio::any_io_executor>,1>::do_fail(unsigned short,class boost::system::error_code,class boost::system::error_code &)']
[2026-09-19 23:28:31.831] [info] Config loaded from 'C:\Users\wy331\Documents\UE5DroneControl-p5-2\Saved\P5.2-protocol-1789831663505833800\backend.yaml': 0 ports, 6 drones max
[2026-09-19 23:28:31.831] [info] Config validation passed (0 ports, 6 max drones)
[2026-09-19 23:28:31.831] [info] [:] Logger initialized. Level=info, File=backend.log
[2026-09-19 23:28:31.832] [info] [:] ============================================
[2026-09-19 23:28:31.832] [info] [:]   Drone Backend v1.0.0
[2026-09-19 23:28:31.832] [info] [:]   HTTP :19680  WS :19681
[2026-09-19 23:28:31.832] [info] [:] ============================================
[2026-09-19 23:28:31.833] [info] [:] [UdpSender] JSON protocol session_id=backend-1789831711832039-540be5c3
[2026-09-19 23:28:31.833] [info] [:] DroneManager created
[2026-09-19 23:28:31.834] [info] [:] Drone 1 added: slot=1 name=Mock UAV 01
[2026-09-19 23:28:31.834] [info] [:] Drone 2 added: slot=2 name=Mock UAV 02
[2026-09-19 23:28:31.834] [info] [:] Drone 3 added: slot=3 name=Mock UAV 03
[2026-09-19 23:28:31.834] [info] [:] Drone 4 added: slot=4 name=Mock UAV 04
[2026-09-19 23:28:31.834] [info] [:] [Storage] Loaded 4 drones from data/drones.json
[2026-09-19 23:28:31.834] [info] [:] Backend started. Press Ctrl+C to stop.
[DebugCLI] Started. Type 'help' for commands.
[2026-09-19 23:28:31.836] [info] [:] [HTTP] Listening on 0.0.0.0:19680
[2026-09-19 23:28:31.836] [info] [:] [WS] Listening on 0.0.0.0:19681
[2026-09-19 23:28:32.466] [info] [:] [WS] session closed: The WebSocket stream was gracefully closed at both endpoints [boost.beast.websocket:1 at C:/Users/wy331/Documents/UE5DroneControl-p5-1/Backend/build-p5/vcpkg_installed/x64-windows/include\boost/beast/websocket/impl/stream.hpp:377:9 in function 'void __cdecl boost::beast::websocket::stream<class boost::asio::basic_stream_socket<class boost::asio::ip::tcp,class boost::asio::any_io_executor>,1>::do_fail(unsigned short,class boost::system::error_code,class boost::system::error_code &)']
[2026-09-19 23:29:12.119] [info] [:] [WS] session closed: The WebSocket stream was gracefully closed at both endpoints [boost.beast.websocket:1 at C:/Users/wy331/Documents/UE5DroneControl-p5-1/Backend/build-p5/vcpkg_installed/x64-windows/include\boost/beast/websocket/impl/stream.hpp:377:9 in function 'void __cdecl boost::beast::websocket::stream<class boost::asio::basic_stream_socket<class boost::asio::ip::tcp,class boost::asio::any_io_executor>,1>::do_fail(unsigned short,class boost::system::error_code,class boost::system::error_code &)']
[2026-09-19 23:29:12.119] [info] [:] [WS] session closed: 远程主机强迫关闭了一个现有的连接。 [system:10054]
[2026-09-19 23:29:49.377] [info] [:] [WS] session closed: The WebSocket stream was gracefully closed at both endpoints [boost.beast.websocket:1 at C:/Users/wy331/Documents/UE5DroneControl-p5-1/Backend/build-p5/vcpkg_installed/x64-windows/include\boost/beast/websocket/impl/stream.hpp:377:9 in function 'void __cdecl boost::beast::websocket::stream<class boost::asio::basic_stream_socket<class boost::asio::ip::tcp,class boost::asio::any_io_executor>,1>::do_fail(unsigned short,class boost::system::error_code,class boost::system::error_code &)']
[2026-09-19 23:29:49.377] [info] [:] [WS] session closed: 远程主机强迫关闭了一个现有的连接。 [system:10054]
[2026-09-19 23:30:24.974] [info] [:] [WS] session closed: The WebSocket stream was gracefully closed at both endpoints [boost.beast.websocket:1 at C:/Users/wy331/Documents/UE5DroneControl-p5-1/Backend/build-p5/vcpkg_installed/x64-windows/include\boost/beast/websocket/impl/stream.hpp:377:9 in function 'void __cdecl boost::beast::websocket::stream<class boost::asio::basic_stream_socket<class boost::asio::ip::tcp,class boost::asio::any_io_executor>,1>::do_fail(unsigned short,class boost::system::error_code,class boost::system::error_code &)']
[2026-09-19 23:30:24.975] [info] [:] [WS] session closed: 远程主机强迫关闭了一个现有的连接。 [system:10054]
[2026-09-19 23:42:13.158] [info] Config loaded from 'C:\Users\wy331\Documents\UE5DroneControl-p5-2\Saved\P5.2-protocol-1789832533131363200\backend.yaml': 0 ports, 6 drones max
[2026-09-19 23:42:13.159] [info] Config validation passed (0 ports, 6 max drones)
[2026-09-19 23:42:13.159] [info] [:] Logger initialized. Level=info, File=backend.log
[2026-09-19 23:42:13.159] [info] [:] ============================================
[2026-09-19 23:42:13.159] [info] [:]   Drone Backend v1.0.0
[2026-09-19 23:42:13.159] [info] [:]   HTTP :19680  WS :19681
[2026-09-19 23:42:13.159] [info] [:] ============================================
[2026-09-19 23:42:13.161] [info] [:] [UdpSender] JSON protocol session_id=backend-1789832533159961-182703c7
[2026-09-19 23:42:13.161] [info] [:] DroneManager created
[2026-09-19 23:42:13.168] [info] [:] Drone 1 added: slot=1 name=Mock UAV 01
[2026-09-19 23:42:13.168] [info] [:] Drone 2 added: slot=2 name=Mock UAV 02
[2026-09-19 23:42:13.168] [info] [:] Drone 3 added: slot=3 name=Mock UAV 03
[2026-09-19 23:42:13.168] [info] [:] Drone 4 added: slot=4 name=Mock UAV 04
[2026-09-19 23:42:13.168] [info] [:] [Storage] Loaded 4 drones from data/drones.json
[2026-09-19 23:42:13.168] [info] [:] Backend started. Press Ctrl+C to stop.
[DebugCLI] Started. Type 'help' for commands.
[2026-09-19 23:42:13.170] [info] [:] [WS] Listening on 0.0.0.0:19681
[2026-09-19 23:42:13.170] [info] [:] [HTTP] Listening on 0.0.0.0:19680
[2026-09-19 23:42:14.211] [info] [:] [WS] session closed: The WebSocket stream was gracefully closed at both endpoints [boost.beast.websocket:1 at C:/Users/wy331/Documents/UE5DroneControl-p5-1/Backend/build-p5/vcpkg_installed/x64-windows/include\boost/beast/websocket/impl/stream.hpp:377:9 in function 'void __cdecl boost::beast::websocket::stream<class boost::asio::basic_stream_socket<class boost::asio::ip::tcp,class boost::asio::any_io_executor>,1>::do_fail(unsigned short,class boost::system::error_code,class boost::system::error_code &)']
[2026-09-19 23:42:36.654] [info] [:] [WS] session closed: The WebSocket stream was gracefully closed at both endpoints [boost.beast.websocket:1 at C:/Users/wy331/Documents/UE5DroneControl-p5-1/Backend/build-p5/vcpkg_installed/x64-windows/include\boost/beast/websocket/impl/stream.hpp:377:9 in function 'void __cdecl boost::beast::websocket::stream<class boost::asio::basic_stream_socket<class boost::asio::ip::tcp,class boost::asio::any_io_executor>,1>::do_fail(unsigned short,class boost::system::error_code,class boost::system::error_code &)']
[2026-09-19 23:42:36.654] [info] [:] [WS] session closed: The WebSocket stream was gracefully closed at both endpoints [boost.beast.websocket:1 at C:/Users/wy331/Documents/UE5DroneControl-p5-1/Backend/build-p5/vcpkg_installed/x64-windows/include\boost/beast/websocket/impl/stream.hpp:377:9 in function 'void __cdecl boost::beast::websocket::stream<class boost::asio::basic_stream_socket<class boost::asio::ip::tcp,class boost::asio::any_io_executor>,1>::do_fail(unsigned short,class boost::system::error_code,class boost::system::error_code &)']
[2026-09-19 23:42:36.654] [info] [:] [WS] session closed: The WebSocket stream was gracefully closed at both endpoints [boost.beast.websocket:1 at C:/Users/wy331/Documents/UE5DroneControl-p5-1/Backend/build-p5/vcpkg_installed/x64-windows/include\boost/beast/websocket/impl/stream.hpp:377:9 in function 'void __cdecl boost::beast::websocket::stream<class boost::asio::basic_stream_socket<class boost::asio::ip::tcp,class boost::asio::any_io_executor>,1>::do_fail(unsigned short,class boost::system::error_code,class boost::system::error_code &)']
[2026-09-19 23:42:37.099] [info] [:] [WS] session closed: The WebSocket stream was gracefully closed at both endpoints [boost.beast.websocket:1 at C:/Users/wy331/Documents/UE5DroneControl-p5-1/Backend/build-p5/vcpkg_installed/x64-windows/include\boost/beast/websocket/impl/stream.hpp:377:9 in function 'void __cdecl boost::beast::websocket::stream<class boost::asio::basic_stream_socket<class boost::asio::ip::tcp,class boost::asio::any_io_executor>,1>::do_fail(unsigned short,class boost::system::error_code,class boost::system::error_code &)']
[2026-09-19 23:42:37.322] [info] [:] [WS] session closed: The WebSocket stream was gracefully closed at both endpoints [boost.beast.websocket:1 at C:/Users/wy331/Documents/UE5DroneControl-p5-1/Backend/build-p5/vcpkg_installed/x64-windows/include\boost/beast/websocket/impl/stream.hpp:377:9 in function 'void __cdecl boost::beast::websocket::stream<class boost::asio::basic_stream_socket<class boost::asio::ip::tcp,class boost::asio::any_io_executor>,1>::do_fail(unsigned short,class boost::system::error_code,class boost::system::error_code &)']
[2026-09-19 23:42:37.552] [info] [:] [WS] session closed: The WebSocket stream was gracefully closed at both endpoints [boost.beast.websocket:1 at C:/Users/wy331/Documents/UE5DroneControl-p5-1/Backend/build-p5/vcpkg_installed/x64-windows/include\boost/beast/websocket/impl/stream.hpp:377:9 in function 'void __cdecl boost::beast::websocket::stream<class boost::asio::basic_stream_socket<class boost::asio::ip::tcp,class boost::asio::any_io_executor>,1>::do_fail(unsigned short,class boost::system::error_code,class boost::system::error_code &)']
[2026-09-19 23:42:50.532] [info] [:] [WS] session closed: The WebSocket stream was gracefully closed at both endpoints [boost.beast.websocket:1 at C:/Users/wy331/Documents/UE5DroneControl-p5-1/Backend/build-p5/vcpkg_installed/x64-windows/include\boost/beast/websocket/impl/stream.hpp:377:9 in function 'void __cdecl boost::beast::websocket::stream<class boost::asio::basic_stream_socket<class boost::asio::ip::tcp,class boost::asio::any_io_executor>,1>::do_fail(unsigned short,class boost::system::error_code,class boost::system::error_code &)']
[2026-09-19 23:42:50.532] [info] [:] [WS] session closed: The WebSocket stream was gracefully closed at both endpoints [boost.beast.websocket:1 at C:/Users/wy331/Documents/UE5DroneControl-p5-1/Backend/build-p5/vcpkg_installed/x64-windows/include\boost/beast/websocket/impl/stream.hpp:377:9 in function 'void __cdecl boost::beast::websocket::stream<class boost::asio::basic_stream_socket<class boost::asio::ip::tcp,class boost::asio::any_io_executor>,1>::do_fail(unsigned short,class boost::system::error_code,class boost::system::error_code &)']
[2026-09-19 23:42:50.532] [info] [:] [WS] session closed: The WebSocket stream was gracefully closed at both endpoints [boost.beast.websocket:1 at C:/Users/wy331/Documents/UE5DroneControl-p5-1/Backend/build-p5/vcpkg_installed/x64-windows/include\boost/beast/websocket/impl/stream.hpp:377:9 in function 'void __cdecl boost::beast::websocket::stream<class boost::asio::basic_stream_socket<class boost::asio::ip::tcp,class boost::asio::any_io_executor>,1>::do_fail(unsigned short,class boost::system::error_code,class boost::system::error_code &)']
[2026-09-19 23:42:50.532] [info] [:] [WS] session closed: The WebSocket stream was gracefully closed at both endpoints [boost.beast.websocket:1 at C:/Users/wy331/Documents/UE5DroneControl-p5-1/Backend/build-p5/vcpkg_installed/x64-windows/include\boost/beast/websocket/impl/stream.hpp:377:9 in function 'void __cdecl boost::beast::websocket::stream<class boost::asio::basic_stream_socket<class boost::asio::ip::tcp,class boost::asio::any_io_executor>,1>::do_fail(unsigned short,class boost::system::error_code,class boost::system::error_code &)']
[2026-09-19 23:42:51.135] [info] [:] [WS] session closed: The WebSocket stream was gracefully closed at both endpoints [boost.beast.websocket:1 at C:/Users/wy331/Documents/UE5DroneControl-p5-1/Backend/build-p5/vcpkg_installed/x64-windows/include\boost/beast/websocket/impl/stream.hpp:377:9 in function 'void __cdecl boost::beast::websocket::stream<class boost::asio::basic_stream_socket<class boost::asio::ip::tcp,class boost::asio::any_io_executor>,1>::do_fail(unsigned short,class boost::system::error_code,class boost::system::error_code &)']
[2026-09-19 23:42:51.136] [info] [:] [WS] session closed: The WebSocket stream was gracefully closed at both endpoints [boost.beast.websocket:1 at C:/Users/wy331/Documents/UE5DroneControl-p5-1/Backend/build-p5/vcpkg_installed/x64-windows/include\boost/beast/websocket/impl/stream.hpp:377:9 in function 'void __cdecl boost::beast::websocket::stream<class boost::asio::basic_stream_socket<class boost::asio::ip::tcp,class boost::asio::any_io_executor>,1>::do_fail(unsigned short,class boost::system::error_code,class boost::system::error_code &)']
[2026-09-19 23:42:51.136] [info] [:] [WS] session closed: The WebSocket stream was gracefully closed at both endpoints [boost.beast.websocket:1 at C:/Users/wy331/Documents/UE5DroneControl-p5-1/Backend/build-p5/vcpkg_installed/x64-windows/include\boost/beast/websocket/impl/stream.hpp:377:9 in function 'void __cdecl boost::beast::websocket::stream<class boost::asio::basic_stream_socket<class boost::asio::ip::tcp,class boost::asio::any_io_executor>,1>::do_fail(unsigned short,class boost::system::error_code,class boost::system::error_code &)']
[2026-09-19 23:42:51.136] [info] [:] [WS] session closed: The WebSocket stream was gracefully closed at both endpoints [boost.beast.websocket:1 at C:/Users/wy331/Documents/UE5DroneControl-p5-1/Backend/build-p5/vcpkg_installed/x64-windows/include\boost/beast/websocket/impl/stream.hpp:377:9 in function 'void __cdecl boost::beast::websocket::stream<class boost::asio::basic_stream_socket<class boost::asio::ip::tcp,class boost::asio::any_io_executor>,1>::do_fail(unsigned short,class boost::system::error_code,class boost::system::error_code &)']
[2026-09-19 23:43:01.185] [info] [:] [WS] session closed: The WebSocket stream was gracefully closed at both endpoints [boost.beast.websocket:1 at C:/Users/wy331/Documents/UE5DroneControl-p5-1/Backend/build-p5/vcpkg_installed/x64-windows/include\boost/beast/websocket/impl/stream.hpp:377:9 in function 'void __cdecl boost::beast::websocket::stream<class boost::asio::basic_stream_socket<class boost::asio::ip::tcp,class boost::asio::any_io_executor>,1>::do_fail(unsigned short,class boost::system::error_code,class boost::system::error_code &)']
[2026-09-19 23:43:01.185] [info] [:] [WS] session closed: The WebSocket stream was gracefully closed at both endpoints [boost.beast.websocket:1 at C:/Users/wy331/Documents/UE5DroneControl-p5-1/Backend/build-p5/vcpkg_installed/x64-windows/include\boost/beast/websocket/impl/stream.hpp:377:9 in function 'void __cdecl boost::beast::websocket::stream<class boost::asio::basic_stream_socket<class boost::asio::ip::tcp,class boost::asio::any_io_executor>,1>::do_fail(unsigned short,class boost::system::error_code,class boost::system::error_code &)']
[2026-09-19 23:43:01.185] [info] [:] [WS] session closed: The WebSocket stream was gracefully closed at both endpoints [boost.beast.websocket:1 at C:/Users/wy331/Documents/UE5DroneControl-p5-1/Backend/build-p5/vcpkg_installed/x64-windows/include\boost/beast/websocket/impl/stream.hpp:377:9 in function 'void __cdecl boost::beast::websocket::stream<class boost::asio::basic_stream_socket<class boost::asio::ip::tcp,class boost::asio::any_io_executor>,1>::do_fail(unsigned short,class boost::system::error_code,class boost::system::error_code &)']
[2026-09-19 23:43:01.185] [info] [:] [WS] session closed: The WebSocket stream was gracefully closed at both endpoints [boost.beast.websocket:1 at C:/Users/wy331/Documents/UE5DroneControl-p5-1/Backend/build-p5/vcpkg_installed/x64-windows/include\boost/beast/websocket/impl/stream.hpp:377:9 in function 'void __cdecl boost::beast::websocket::stream<class boost::asio::basic_stream_socket<class boost::asio::ip::tcp,class boost::asio::any_io_executor>,1>::do_fail(unsigned short,class boost::system::error_code,class boost::system::error_code &)']
[2026-09-19 23:43:01.225] [info] Config loaded from 'C:\Users\wy331\Documents\UE5DroneControl-p5-2\Saved\P5.2-protocol-1789832533131363200\backend.yaml': 0 ports, 6 drones max
[2026-09-19 23:43:01.226] [info] Config validation passed (0 ports, 6 max drones)
[2026-09-19 23:43:01.226] [info] [:] Logger initialized. Level=info, File=backend.log
[2026-09-19 23:43:01.226] [info] [:] ============================================
[2026-09-19 23:43:01.226] [info] [:]   Drone Backend v1.0.0
[2026-09-19 23:43:01.226] [info] [:]   HTTP :19680  WS :19681
[2026-09-19 23:43:01.226] [info] [:] ============================================
[2026-09-19 23:43:01.227] [info] [:] [UdpSender] JSON protocol session_id=backend-1789832581226586-c974d18f
[2026-09-19 23:43:01.227] [info] [:] DroneManager created
[2026-09-19 23:43:01.229] [info] [:] Drone 1 added: slot=1 name=Mock UAV 01
[2026-09-19 23:43:01.229] [info] [:] Drone 2 added: slot=2 name=Mock UAV 02
[2026-09-19 23:43:01.229] [info] [:] Drone 3 added: slot=3 name=Mock UAV 03
[2026-09-19 23:43:01.229] [info] [:] Drone 4 added: slot=4 name=Mock UAV 04
[2026-09-19 23:43:01.229] [info] [:] [Storage] Loaded 4 drones from data/drones.json
[2026-09-19 23:43:01.229] [info] [:] Backend started. Press Ctrl+C to stop.
[DebugCLI] Started. Type 'help' for commands.
[2026-09-19 23:43:01.230] [info] [:] [WS] Listening on 0.0.0.0:19681
[2026-09-19 23:43:01.230] [info] [:] [HTTP] Listening on 0.0.0.0:19680
[2026-09-19 23:43:01.857] [info] [:] [WS] session closed: The WebSocket stream was gracefully closed at both endpoints [boost.beast.websocket:1 at C:/Users/wy331/Documents/UE5DroneControl-p5-1/Backend/build-p5/vcpkg_installed/x64-windows/include\boost/beast/websocket/impl/stream.hpp:377:9 in function 'void __cdecl boost::beast::websocket::stream<class boost::asio::basic_stream_socket<class boost::asio::ip::tcp,class boost::asio::any_io_executor>,1>::do_fail(unsigned short,class boost::system::error_code,class boost::system::error_code &)']
[2026-09-19 23:43:39.445] [info] [:] [WS] session closed: The WebSocket stream was gracefully closed at both endpoints [boost.beast.websocket:1 at C:/Users/wy331/Documents/UE5DroneControl-p5-1/Backend/build-p5/vcpkg_installed/x64-windows/include\boost/beast/websocket/impl/stream.hpp:377:9 in function 'void __cdecl boost::beast::websocket::stream<class boost::asio::basic_stream_socket<class boost::asio::ip::tcp,class boost::asio::any_io_executor>,1>::do_fail(unsigned short,class boost::system::error_code,class boost::system::error_code &)']
[2026-09-19 23:43:39.446] [info] [:] [WS] session closed: 远程主机强迫关闭了一个现有的连接。 [system:10054]
[2026-09-19 23:44:50.559] [info] Config loaded from 'C:\Users\wy331\Documents\UE5DroneControl-p5-2\Saved\P5.2-protocol-1789832690532669000\backend.yaml': 0 ports, 6 drones max
[2026-09-19 23:44:50.560] [info] Config validation passed (0 ports, 6 max drones)
[2026-09-19 23:44:50.560] [info] [:] Logger initialized. Level=info, File=backend.log
[2026-09-19 23:44:50.561] [info] [:] ============================================
[2026-09-19 23:44:50.561] [info] [:]   Drone Backend v1.0.0
[2026-09-19 23:44:50.561] [info] [:]   HTTP :19680  WS :19681
[2026-09-19 23:44:50.561] [info] [:] ============================================
[2026-09-19 23:44:50.562] [info] [:] [UdpSender] JSON protocol session_id=backend-1789832690561065-0a314db1
[2026-09-19 23:44:50.562] [info] [:] DroneManager created
[2026-09-19 23:44:50.564] [info] [:] Drone 1 added: slot=1 name=Mock UAV 01
[2026-09-19 23:44:50.564] [info] [:] Drone 2 added: slot=2 name=Mock UAV 02
[2026-09-19 23:44:50.564] [info] [:] Drone 3 added: slot=3 name=Mock UAV 03
[2026-09-19 23:44:50.564] [info] [:] Drone 4 added: slot=4 name=Mock UAV 04
[2026-09-19 23:44:50.564] [info] [:] [Storage] Loaded 4 drones from data/drones.json
[2026-09-19 23:44:50.564] [info] [:] Backend started. Press Ctrl+C to stop.
[DebugCLI] Started. Type 'help' for commands.
[2026-09-19 23:44:50.566] [info] [:] [WS] Listening on 0.0.0.0:19681
[2026-09-19 23:44:50.566] [info] [:] [HTTP] Listening on 0.0.0.0:19680
[2026-09-19 23:44:51.120] [info] [:] [WS] session closed: The WebSocket stream was gracefully closed at both endpoints [boost.beast.websocket:1 at C:/Users/wy331/Documents/UE5DroneControl-p5-1/Backend/build-p5/vcpkg_installed/x64-windows/include\boost/beast/websocket/impl/stream.hpp:377:9 in function 'void __cdecl boost::beast::websocket::stream<class boost::asio::basic_stream_socket<class boost::asio::ip::tcp,class boost::asio::any_io_executor>,1>::do_fail(unsigned short,class boost::system::error_code,class boost::system::error_code &)']
[2026-09-19 23:45:13.553] [info] [:] [WS] session closed: The WebSocket stream was gracefully closed at both endpoints [boost.beast.websocket:1 at C:/Users/wy331/Documents/UE5DroneControl-p5-1/Backend/build-p5/vcpkg_installed/x64-windows/include\boost/beast/websocket/impl/stream.hpp:377:9 in function 'void __cdecl boost::beast::websocket::stream<class boost::asio::basic_stream_socket<class boost::asio::ip::tcp,class boost::asio::any_io_executor>,1>::do_fail(unsigned short,class boost::system::error_code,class boost::system::error_code &)']
[2026-09-19 23:45:13.553] [info] [:] [WS] session closed: The WebSocket stream was gracefully closed at both endpoints [boost.beast.websocket:1 at C:/Users/wy331/Documents/UE5DroneControl-p5-1/Backend/build-p5/vcpkg_installed/x64-windows/include\boost/beast/websocket/impl/stream.hpp:377:9 in function 'void __cdecl boost::beast::websocket::stream<class boost::asio::basic_stream_socket<class boost::asio::ip::tcp,class boost::asio::any_io_executor>,1>::do_fail(unsigned short,class boost::system::error_code,class boost::system::error_code &)']
[2026-09-19 23:45:13.554] [info] [:] [WS] session closed: The WebSocket stream was gracefully closed at both endpoints [boost.beast.websocket:1 at C:/Users/wy331/Documents/UE5DroneControl-p5-1/Backend/build-p5/vcpkg_installed/x64-windows/include\boost/beast/websocket/impl/stream.hpp:377:9 in function 'void __cdecl boost::beast::websocket::stream<class boost::asio::basic_stream_socket<class boost::asio::ip::tcp,class boost::asio::any_io_executor>,1>::do_fail(unsigned short,class boost::system::error_code,class boost::system::error_code &)']
[2026-09-19 23:45:14.007] [info] [:] [WS] session closed: The WebSocket stream was gracefully closed at both endpoints [boost.beast.websocket:1 at C:/Users/wy331/Documents/UE5DroneControl-p5-1/Backend/build-p5/vcpkg_installed/x64-windows/include\boost/beast/websocket/impl/stream.hpp:377:9 in function 'void __cdecl boost::beast::websocket::stream<class boost::asio::basic_stream_socket<class boost::asio::ip::tcp,class boost::asio::any_io_executor>,1>::do_fail(unsigned short,class boost::system::error_code,class boost::system::error_code &)']
[2026-09-19 23:45:14.233] [info] [:] [WS] session closed: The WebSocket stream was gracefully closed at both endpoints [boost.beast.websocket:1 at C:/Users/wy331/Documents/UE5DroneControl-p5-1/Backend/build-p5/vcpkg_installed/x64-windows/include\boost/beast/websocket/impl/stream.hpp:377:9 in function 'void __cdecl boost::beast::websocket::stream<class boost::asio::basic_stream_socket<class boost::asio::ip::tcp,class boost::asio::any_io_executor>,1>::do_fail(unsigned short,class boost::system::error_code,class boost::system::error_code &)']
[2026-09-19 23:45:14.468] [info] [:] [WS] session closed: The WebSocket stream was gracefully closed at both endpoints [boost.beast.websocket:1 at C:/Users/wy331/Documents/UE5DroneControl-p5-1/Backend/build-p5/vcpkg_installed/x64-windows/include\boost/beast/websocket/impl/stream.hpp:377:9 in function 'void __cdecl boost::beast::websocket::stream<class boost::asio::basic_stream_socket<class boost::asio::ip::tcp,class boost::asio::any_io_executor>,1>::do_fail(unsigned short,class boost::system::error_code,class boost::system::error_code &)']
[2026-09-19 23:45:27.067] [info] [:] [WS] session closed: The WebSocket stream was gracefully closed at both endpoints [boost.beast.websocket:1 at C:/Users/wy331/Documents/UE5DroneControl-p5-1/Backend/build-p5/vcpkg_installed/x64-windows/include\boost/beast/websocket/impl/stream.hpp:377:9 in function 'void __cdecl boost::beast::websocket::stream<class boost::asio::basic_stream_socket<class boost::asio::ip::tcp,class boost::asio::any_io_executor>,1>::do_fail(unsigned short,class boost::system::error_code,class boost::system::error_code &)']
[2026-09-19 23:45:27.067] [info] [:] [WS] session closed: The WebSocket stream was gracefully closed at both endpoints [boost.beast.websocket:1 at C:/Users/wy331/Documents/UE5DroneControl-p5-1/Backend/build-p5/vcpkg_installed/x64-windows/include\boost/beast/websocket/impl/stream.hpp:377:9 in function 'void __cdecl boost::beast::websocket::stream<class boost::asio::basic_stream_socket<class boost::asio::ip::tcp,class boost::asio::any_io_executor>,1>::do_fail(unsigned short,class boost::system::error_code,class boost::system::error_code &)']
[2026-09-19 23:45:27.067] [info] [:] [WS] session closed: The WebSocket stream was gracefully closed at both endpoints [boost.beast.websocket:1 at C:/Users/wy331/Documents/UE5DroneControl-p5-1/Backend/build-p5/vcpkg_installed/x64-windows/include\boost/beast/websocket/impl/stream.hpp:377:9 in function 'void __cdecl boost::beast::websocket::stream<class boost::asio::basic_stream_socket<class boost::asio::ip::tcp,class boost::asio::any_io_executor>,1>::do_fail(unsigned short,class boost::system::error_code,class boost::system::error_code &)']
[2026-09-19 23:45:27.067] [info] [:] [WS] session closed: The WebSocket stream was gracefully closed at both endpoints [boost.beast.websocket:1 at C:/Users/wy331/Documents/UE5DroneControl-p5-1/Backend/build-p5/vcpkg_installed/x64-windows/include\boost/beast/websocket/impl/stream.hpp:377:9 in function 'void __cdecl boost::beast::websocket::stream<class boost::asio::basic_stream_socket<class boost::asio::ip::tcp,class boost::asio::any_io_executor>,1>::do_fail(unsigned short,class boost::system::error_code,class boost::system::error_code &)']
[2026-09-19 23:45:27.676] [info] [:] [WS] session closed: The WebSocket stream was gracefully closed at both endpoints [boost.beast.websocket:1 at C:/Users/wy331/Documents/UE5DroneControl-p5-1/Backend/build-p5/vcpkg_installed/x64-windows/include\boost/beast/websocket/impl/stream.hpp:377:9 in function 'void __cdecl boost::beast::websocket::stream<class boost::asio::basic_stream_socket<class boost::asio::ip::tcp,class boost::asio::any_io_executor>,1>::do_fail(unsigned short,class boost::system::error_code,class boost::system::error_code &)']
[2026-09-19 23:45:27.676] [info] [:] [WS] session closed: The WebSocket stream was gracefully closed at both endpoints [boost.beast.websocket:1 at C:/Users/wy331/Documents/UE5DroneControl-p5-1/Backend/build-p5/vcpkg_installed/x64-windows/include\boost/beast/websocket/impl/stream.hpp:377:9 in function 'void __cdecl boost::beast::websocket::stream<class boost::asio::basic_stream_socket<class boost::asio::ip::tcp,class boost::asio::any_io_executor>,1>::do_fail(unsigned short,class boost::system::error_code,class boost::system::error_code &)']
[2026-09-19 23:45:27.676] [info] [:] [WS] session closed: The WebSocket stream was gracefully closed at both endpoints [boost.beast.websocket:1 at C:/Users/wy331/Documents/UE5DroneControl-p5-1/Backend/build-p5/vcpkg_installed/x64-windows/include\boost/beast/websocket/impl/stream.hpp:377:9 in function 'void __cdecl boost::beast::websocket::stream<class boost::asio::basic_stream_socket<class boost::asio::ip::tcp,class boost::asio::any_io_executor>,1>::do_fail(unsigned short,class boost::system::error_code,class boost::system::error_code &)']
[2026-09-19 23:45:27.676] [info] [:] [WS] session closed: The WebSocket stream was gracefully closed at both endpoints [boost.beast.websocket:1 at C:/Users/wy331/Documents/UE5DroneControl-p5-1/Backend/build-p5/vcpkg_installed/x64-windows/include\boost/beast/websocket/impl/stream.hpp:377:9 in function 'void __cdecl boost::beast::websocket::stream<class boost::asio::basic_stream_socket<class boost::asio::ip::tcp,class boost::asio::any_io_executor>,1>::do_fail(unsigned short,class boost::system::error_code,class boost::system::error_code &)']
[2026-09-19 23:45:38.033] [info] [:] [WS] session closed: The WebSocket stream was gracefully closed at both endpoints [boost.beast.websocket:1 at C:/Users/wy331/Documents/UE5DroneControl-p5-1/Backend/build-p5/vcpkg_installed/x64-windows/include\boost/beast/websocket/impl/stream.hpp:377:9 in function 'void __cdecl boost::beast::websocket::stream<class boost::asio::basic_stream_socket<class boost::asio::ip::tcp,class boost::asio::any_io_executor>,1>::do_fail(unsigned short,class boost::system::error_code,class boost::system::error_code &)']
[2026-09-19 23:45:38.034] [info] [:] [WS] session closed: The WebSocket stream was gracefully closed at both endpoints [boost.beast.websocket:1 at C:/Users/wy331/Documents/UE5DroneControl-p5-1/Backend/build-p5/vcpkg_installed/x64-windows/include\boost/beast/websocket/impl/stream.hpp:377:9 in function 'void __cdecl boost::beast::websocket::stream<class boost::asio::basic_stream_socket<class boost::asio::ip::tcp,class boost::asio::any_io_executor>,1>::do_fail(unsigned short,class boost::system::error_code,class boost::system::error_code &)']
[2026-09-19 23:45:38.034] [info] [:] [WS] session closed: The WebSocket stream was gracefully closed at both endpoints [boost.beast.websocket:1 at C:/Users/wy331/Documents/UE5DroneControl-p5-1/Backend/build-p5/vcpkg_installed/x64-windows/include\boost/beast/websocket/impl/stream.hpp:377:9 in function 'void __cdecl boost::beast::websocket::stream<class boost::asio::basic_stream_socket<class boost::asio::ip::tcp,class boost::asio::any_io_executor>,1>::do_fail(unsigned short,class boost::system::error_code,class boost::system::error_code &)']
[2026-09-19 23:45:38.034] [info] [:] [WS] session closed: The WebSocket stream was gracefully closed at both endpoints [boost.beast.websocket:1 at C:/Users/wy331/Documents/UE5DroneControl-p5-1/Backend/build-p5/vcpkg_installed/x64-windows/include\boost/beast/websocket/impl/stream.hpp:377:9 in function 'void __cdecl boost::beast::websocket::stream<class boost::asio::basic_stream_socket<class boost::asio::ip::tcp,class boost::asio::any_io_executor>,1>::do_fail(unsigned short,class boost::system::error_code,class boost::system::error_code &)']
[2026-09-19 23:45:38.189] [info] Config loaded from 'C:\Users\wy331\Documents\UE5DroneControl-p5-2\Saved\P5.2-protocol-1789832690532669000\backend.yaml': 0 ports, 6 drones max
[2026-09-19 23:45:38.190] [info] Config validation passed (0 ports, 6 max drones)
[2026-09-19 23:45:38.190] [info] [:] Logger initialized. Level=info, File=backend.log
[2026-09-19 23:45:38.190] [info] [:] ============================================
[2026-09-19 23:45:38.190] [info] [:]   Drone Backend v1.0.0
[2026-09-19 23:45:38.190] [info] [:]   HTTP :19680  WS :19681
[2026-09-19 23:45:38.190] [info] [:] ============================================
[2026-09-19 23:45:38.191] [info] [:] [UdpSender] JSON protocol session_id=backend-1789832738190608-a52659b0
[2026-09-19 23:45:38.191] [info] [:] DroneManager created
[2026-09-19 23:45:38.193] [info] [:] Drone 1 added: slot=1 name=Mock UAV 01
[2026-09-19 23:45:38.193] [info] [:] Drone 2 added: slot=2 name=Mock UAV 02
[2026-09-19 23:45:38.193] [info] [:] Drone 3 added: slot=3 name=Mock UAV 03
[2026-09-19 23:45:38.193] [info] [:] Drone 4 added: slot=4 name=Mock UAV 04
[2026-09-19 23:45:38.193] [info] [:] [Storage] Loaded 4 drones from data/drones.json
[2026-09-19 23:45:38.193] [info] [:] Backend started. Press Ctrl+C to stop.
[DebugCLI] Started. Type 'help' for commands.
[2026-09-19 23:45:38.195] [info] [:] [HTTP] Listening on 0.0.0.0:19680
[2026-09-19 23:45:38.195] [info] [:] [WS] Listening on 0.0.0.0:19681
[2026-09-19 23:45:38.716] [info] [:] [WS] session closed: The WebSocket stream was gracefully closed at both endpoints [boost.beast.websocket:1 at C:/Users/wy331/Documents/UE5DroneControl-p5-1/Backend/build-p5/vcpkg_installed/x64-windows/include\boost/beast/websocket/impl/stream.hpp:377:9 in function 'void __cdecl boost::beast::websocket::stream<class boost::asio::basic_stream_socket<class boost::asio::ip::tcp,class boost::asio::any_io_executor>,1>::do_fail(unsigned short,class boost::system::error_code,class boost::system::error_code &)']
[2026-09-19 23:46:14.688] [info] [:] [WS] session closed: The WebSocket stream was gracefully closed at both endpoints [boost.beast.websocket:1 at C:/Users/wy331/Documents/UE5DroneControl-p5-1/Backend/build-p5/vcpkg_installed/x64-windows/include\boost/beast/websocket/impl/stream.hpp:377:9 in function 'void __cdecl boost::beast::websocket::stream<class boost::asio::basic_stream_socket<class boost::asio::ip::tcp,class boost::asio::any_io_executor>,1>::do_fail(unsigned short,class boost::system::error_code,class boost::system::error_code &)']
[2026-09-19 23:46:14.688] [info] [:] [WS] session closed: 远程主机强迫关闭了一个现有的连接。 [system:10054]
[2026-09-19 23:46:52.824] [info] [:] [WS] session closed: The WebSocket stream was gracefully closed at both endpoints [boost.beast.websocket:1 at C:/Users/wy331/Documents/UE5DroneControl-p5-1/Backend/build-p5/vcpkg_installed/x64-windows/include\boost/beast/websocket/impl/stream.hpp:377:9 in function 'void __cdecl boost::beast::websocket::stream<class boost::asio::basic_stream_socket<class boost::asio::ip::tcp,class boost::asio::any_io_executor>,1>::do_fail(unsigned short,class boost::system::error_code,class boost::system::error_code &)']
[2026-09-19 23:46:52.824] [info] [:] [WS] session closed: 远程主机强迫关闭了一个现有的连接。 [system:10054]
[2026-09-19 23:47:28.469] [info] [:] [WS] session closed: The WebSocket stream was gracefully closed at both endpoints [boost.beast.websocket:1 at C:/Users/wy331/Documents/UE5DroneControl-p5-1/Backend/build-p5/vcpkg_installed/x64-windows/include\boost/beast/websocket/impl/stream.hpp:377:9 in function 'void __cdecl boost::beast::websocket::stream<class boost::asio::basic_stream_socket<class boost::asio::ip::tcp,class boost::asio::any_io_executor>,1>::do_fail(unsigned short,class boost::system::error_code,class boost::system::error_code &)']
[2026-09-19 23:47:28.470] [info] [:] [WS] session closed: 远程主机强迫关闭了一个现有的连接。 [system:10054]
